area,baths,beds,City,Zipcode,Price,Age
1480.0,2.0,2.0,Seattle,98116,695000,45
1471.0,3.0,1.0,Seattle,98116,1199000,44
1275.0,2.0,2.0,Seattle,98116,1399000,48
2980.0,3.0,4.0,Seattle,98116,1850000,32
651.0,1.0,1.0,Seattle,98116,299000,46
1500.0,3.0,3.0,Seattle,98116,850000,45
1480.0,2.0,4.0,Seattle,98116,1160000,58
1450.0,3.5,3.0,Seattle,98116,515000,42
2500.0,3.0,4.0,Seattle,98116,775000,51
1780.0,3.0,3.0,Seattle,98116,1180000,39
1378.0,3.0,2.0,Seattle,98116,775000,33
1378.0,3.0,3.0,Seattle,98116,775000,36
2510.0,4.0,4.0,Seattle,98116,2089000,37
2100.0,,,Seattle,98116,2300000,57
2600.0,2.0,4.0,Seattle,98116,1575000,39
1639.0,2.0,3.0,Seattle,98116,1180000,33
1003.0,1.0,1.0,Seattle,98116,533500,44
1022.0,2.0,2.0,Seattle,98116,458000,35
1780.0,3.0,3.0,Seattle,98116,925000,55
1580.0,2.0,4.0,Seattle,98116,1000000,40
2540.0,3.0,3.0,Seattle,98116,1270000,41
1180.0,1.0,2.0,Seattle,98116,600000,36
1450.0,1.0,4.0,Seattle,98116,662000,40
1760.0,1.5,4.0,Seattle,98116,850000,59
1570.0,3.0,3.0,Seattle,98116,799900,58
1480.0,2.0,3.0,Seattle,98116,935000,38
1924.0,3.0,4.0,Seattle,98116,1050000,51
1924.0,3.0,4.0,Seattle,98116,1050000,33
1419.0,2.0,3.0,Seattle,98116,1175000,42
1650.0,3.0,3.0,Seattle,98116,1205000,53
1020.0,2.0,2.0,Seattle,98116,480000,36
730.0,1.0,2.0,Seattle,98116,1500000,42
960.0,1.0,2.0,Seattle,98116,1000000,30
3500.0,4.0,3.0,Seattle,98116,2100000,30
1654.0,3.0,2.0,Seattle,98116,1290000,51
1800.0,2.0,3.0,Seattle,98116,855000,45
1080.0,2.0,2.0,Seattle,98116,550000,43
3560.0,5.0,6.0,Seattle,98116,2510000,35
1580.0,2.0,3.0,Seattle,98116,1029000,46
1450.0,2.0,3.0,Seattle,98116,965000,56
1182.0,2.0,2.0,Seattle,98116,1099000,49
3190.0,4.0,4.0,Seattle,98118,1900000,32
2890.0,3.0,4.0,Seattle,98118,1315000,53
3150.0,6.0,5.0,Seattle,98118,1346500,59
2210.0,2.75,4.0,Seattle,98118,630000,59
2210.0,4.0,4.0,Seattle,98118,1049000,57
1080.0,2.0,3.0,Seattle,98118,688000,47
1490.0,1.0,2.0,Seattle,98118,775000,42
1540.0,3.0,4.0,Seattle,98118,729000,54
1660.0,2.75,3.0,Seattle,98118,785000,52
1618.0,3.0,3.0,Seattle,98118,785000,37
1350.0,3.0,3.0,Seattle,98118,645950,45
2600.0,3.0,3.0,Seattle,98118,850000,30
2279.0,4.0,4.0,Seattle,98118,1175000,42
2350.0,2.0,3.0,Seattle,98118,840000,52
950.0,2.0,2.0,Seattle,98118,460000,36
2129.0,1.0,3.0,Seattle,98118,830000,32
1250.0,2.0,2.0,Seattle,98118,800000,56
2600.0,2.0,4.0,Seattle,98118,663458,59
2150.0,3.0,5.0,Seattle,98118,850000,41
1460.0,2.0,4.0,Seattle,98118,600000,51
1340.0,3.0,3.0,Seattle,98118,815000,53
1167.0,2.0,2.0,Seattle,98118,545000,31
1010.0,2.0,2.0,Seattle,98118,690000,41
930.0,1.0,2.0,Seattle,98118,555000,47
3030.0,4.0,5.0,Seattle,98118,1150000,51
1030.0,2.0,2.0,Seattle,98118,825000,60
1380.0,2.0,3.0,Seattle,98118,600000,53
2860.0,3.0,5.0,Seattle,98118,785000,40
920.0,1.0,2.0,Seattle,98118,445000,43
30.0,,,Seattle,98118,95000,52
3690.0,4.0,4.0,Seattle,98118,1800000,42
26.0,,,Seattle,98118,80000,41
1910.0,3.0,3.0,Seattle,98118,755000,36
1020.0,1.0,2.0,Seattle,98118,905000,52
2300.0,2.0,3.0,Seattle,98118,465000,48
1820.0,3.0,3.0,Seattle,98118,630000,56
1800.0,2.5,3.0,Seattle,98118,775000,38
1820.0,2.5,3.0,Seattle,98118,630000,41
2350.0,3.0,5.0,Seattle,98118,910000,41
1089.0,3.0,3.0,Seattle,98118,594000,42
2080.0,4.0,3.0,Seattle,98118,865000,60
1780.0,2.0,4.0,Seattle,98117,925000,46
967.0,2.0,2.0,Seattle,98133,423500,54
2580.0,2.0,4.0,Seattle,98115,1375000,57
3013.0,3.0,4.0,Seattle,98103,1885000,55
1180.0,1.0,2.0,Seattle,98112,885000,35
1650.0,3.0,3.0,Seattle,98122,1217500,41
813.0,2.0,2.0,Seattle,98103,591950,41
1670.0,3.0,2.0,Seattle,98103,795000,56
1720.0,2.0,3.0,Seattle,98102,990000,40
1508.0,3.0,3.0,Seattle,98107,850000,51
1560.0,4.0,3.0,Seattle,98117,850000,45
1750.0,4.0,3.0,Seattle,98133,715000,46
2820.0,3.0,7.0,Seattle,98125,949900,47
586.0,1.0,1.0,Seattle,98102,365000,49
1560.0,2.0,3.0,Seattle,98107,910000,30
2940.0,2.0,5.0,Seattle,98105,820000,37
722.0,1.0,1.0,Seattle,98121,460000,53
660.0,1.0,1.0,Seattle,98122,365000,32
985.0,1.0,1.0,Seattle,98121,658000,51
1188.0,2.0,2.0,Seattle,98102,1100000,54
1461.0,2.0,3.0,Seattle,98102,2100000,45
1200.0,3.0,3.0,Seattle,98117,745000,58
1570.0,2.0,2.0,Seattle,98112,800000,48
2400.0,4.0,4.0,Seattle,98112,1700000,52
1690.0,2.0,2.0,Seattle,98104,910000,50
2760.0,2.0,4.0,Seattle,98115,1129950,49
960.0,1.0,1.0,Seattle,98101,640000,59
796.0,1.0,1.0,Seattle,98101,510000,57
3070.0,2.0,5.0,Seattle,98107,1548000,47
2240.0,2.0,4.0,Seattle,98107,1407000,40
1500.0,2.0,2.0,Seattle,98103,1850000,40
1530.0,4.0,3.0,Seattle,98109,1130000,37
918.0,2.0,2.0,Seattle,98112,580000,30
1960.0,2.0,3.0,Seattle,98102,1600000,45
707.0,1.0,1.0,Seattle,98133,300000,42
1438.0,2.0,2.0,Seattle,98121,1280000,33
464.0,1.0,1.0,Seattle,98101,410000,60
4756.0,5.0,5.0,Seattle,98034,3617000,32
1796.0,3.0,3.0,Seattle,98102,999900,40
2552.0,4.0,4.0,Seattle,98125,1260000,54
1487.0,2.0,3.0,Seattle,98102,940000,50
2200.0,3.0,6.0,Seattle,98122,615000,52
685.0,1.0,1.0,Seattle,98122,489000,58
615.0,1.0,1.0,Seattle,98122,349950,47
836.0,1.0,1.0,Seattle,98122,439000,48
1417.0,2.0,3.0,Seattle,98122,939000,59
1772.0,2.0,3.0,Seattle,98122,1060000,40
1339.0,2.0,2.0,Seattle,98122,590000,39
889.0,1.0,2.0,Seattle,98122,475000,31
889.0,1.0,2.0,Seattle,98122,475000,45
3820.0,5.0,6.0,Seattle,98122,2420000,50
2061.0,4.0,3.0,Seattle,98122,1100000,49
710.0,1.0,2.0,Seattle,98122,635000,39
1400.0,2.0,3.0,Seattle,98122,890000,35
444.0,1.0,1.0,Seattle,98122,257500,50
3410.0,4.0,5.0,Seattle,98122,1775000,48
3040.0,4.0,4.0,Seattle,98122,1500000,33
983.0,2.0,2.0,Seattle,98122,525000,40
952.0,2.0,2.0,Seattle,98122,725000,54
1006.0,,,Seattle,98122,1195000,38
1402.0,3.0,3.0,Seattle,98122,1195000,57
2940.0,4.0,4.0,Seattle,98122,1800000,47
1503.0,2.0,3.0,Seattle,98122,1075950,35
1950.0,2.0,2.0,Seattle,98122,875000,37
1870.0,2.0,3.0,Seattle,98122,1055000,30
1480.0,2.0,3.0,Seattle,98122,1200000,52
3340.0,4.0,4.0,Seattle,98122,2110000,57
3820.0,5.0,6.0,Seattle,98122,2175000,33
2200.0,2.0,3.0,Seattle,98122,1025000,34
1590.0,4.0,3.0,Seattle,98122,840000,47
1720.0,2.0,3.0,Seattle,98122,900000,44
1500.0,4.0,3.0,Seattle,98122,840000,48
499.0,1.0,1.0,Seattle,98122,322000,40
1210.0,2.0,2.0,Seattle,98122,673000,32
1880.0,2.0,4.0,Seattle,98122,1550000,39
1318.0,2.0,2.0,Seattle,98122,673000,41
1382.0,3.0,3.0,Seattle,98122,805000,35
3532.0,2.0,2.0,Seattle,98122,2100000,56
1910.0,3.0,4.0,Seattle,98122,1050000,46
1310.0,3.0,2.0,Seattle,98122,650500,53
1010.0,1.0,3.0,Seattle,98178,498000,48
600.0,1.0,1.0,Seatac,98188,217000,49
1690.0,2.0,4.0,Seatac,98188,680000,38
2200.0,1.0,4.0,Seattle,98146,500000,46
1090.0,1.0,2.0,Seattle,98108,450000,60
2000.0,2.0,5.0,Seattle,98168,595000,53
1750.0,1.0,1.0,Seattle,98166,655000,34
1370.0,3.0,2.0,Seattle,98188,480000,41
1740.0,1.0,3.0,Seattle,98106,776000,58
3020.0,2.0,3.0,Seattle,98106,860000,47
1200.0,2.0,2.0,Seattle,98168,405000,34
840.0,1.0,2.0,Seattle,98106,609000,41
3490.0,,,Seattle,98146,1035000,45
1420.0,2.0,3.0,Seattle,98178,755000,45
2460.0,2.0,3.0,Seattle,98108,965000,52
1610.0,2.0,3.0,Seattle,98108,834000,35
1696.0,2.0,5.0,Seattle,98188,520000,47
1040.0,2.0,3.0,Seattle,98168,589950,34
1220.0,2.0,3.0,Seatac,98188,540000,36
780.0,1.0,2.0,Seattle,98108,638000,46
1660.0,1.0,3.0,Seattle,98178,525000,51
0.0,,,Seattle,98106,215000,60
2490.0,2.5,5.0,Seattle,98178,525000,57
660.0,0.75,1.0,Seattle,98106,500000,30
2120.0,2.0,4.0,Seattle,98146,760000,43
1480.0,3.0,4.0,Seattle,98178,650000,60
1170.0,1.0,2.0,Seattle,98178,470000,45
2860.0,3.0,5.0,Seattle,98108,770000,50
2300.0,5.0,8.0,Seattle,98178,675000,45
2340.0,3.0,4.0,Seattle,98106,940000,33
2750.0,3.0,5.0,Seattle,98168,859950,40
1260.0,2.0,2.0,Seattle,98108,635000,59
1113.0,2.0,3.0,Seattle,98148,340000,33
780.0,1.0,2.0,Seattle,98168,330000,45
1670.0,1.5,3.0,Seattle,98168,347000,45
2550.0,,,Seattle,98108,1005000,55
754.0,1.0,1.0,Seattle,98134,275000,33
736.0,1.0,1.0,Seattle,98134,285000,54
1200.0,1.0,2.0,Seattle,98134,424700,30
1150.0,2.0,2.0,Seattle,98134,449000,55
1150.0,1.0,2.0,Seattle,98134,400000,44
754.0,1.0,1.0,Seattle,98134,289500,49
1071.0,2.0,2.0,Seattle,98134,365000,50
1028.0,2.0,2.0,Seattle,98134,475000,39
1028.0,2.0,2.0,Seattle,98134,475000,51
1285.0,1.0,3.0,Seattle,98134,448000,53
1285.0,1.0,3.0,Seattle,98134,476000,41
1200.0,1.0,2.0,Seattle,98134,400000,55
1150.0,1.0,2.0,Seattle,98134,430000,41
0.0,,,Seattle,98134,374000,33
1150.0,2.0,2.0,Seattle,98134,475000,34
2770.0,4.0,4.0,Seattle,98117,1750000,56
780.0,1.0,2.0,Seattle,98136,629000,32
1820.0,3.0,4.0,Seattle,98144,1190000,47
2855.0,4.0,4.0,Seattle,98126,1700000,34
1840.0,3.0,3.0,Seattle,98126,860000,36
3050.0,4.0,5.0,Seattle,98107,2500000,53
2240.0,2.0,3.0,Seattle,98117,1050000,37
678.0,1.0,1.0,Seattle,98107,395000,44
2860.0,4.0,3.0,Seattle,98126,1450000,37
2670.0,3.0,4.0,Seattle,98146,1781000,40
1470.0,2.0,3.0,Seattle,98146,861500,36
2296.0,2.0,3.0,Seattle,98146,1300000,42
1400.0,2.0,3.0,Seattle,98146,550000,30
2040.0,3.0,3.0,Seattle,98146,1400000,54
2300.0,3.0,4.0,Seattle,98146,885000,57
2110.0,2.0,4.0,Seattle,98146,970000,58
1020.0,2.0,2.0,Seattle,98146,595000,43
1068.0,1.5,2.0,Seattle,98146,329000,60
3560.0,2.0,5.0,Seattle,98146,1580000,60
1610.0,2.0,3.0,Seattle,98146,733000,58
1980.0,2.0,3.0,Seattle,98146,500000,46
720.0,1.0,2.0,Seattle,98146,380000,30
1800.0,2.0,2.0,Seattle,98146,1425000,33
1800.0,3.0,4.0,Seattle,98146,704000,59
2390.0,3.0,4.0,Seattle,98146,615000,56
820.0,1.0,2.0,Seattle,98146,420000,55
1446.0,3.0,3.0,Seattle,98146,659950,47
1101.0,2.0,2.0,Seattle,98146,625000,48
1840.0,2.0,3.0,Seattle,98146,834000,34
1630.0,3.0,3.0,Seattle,98146,625000,41
1590.0,2.0,3.0,Seattle,98146,570000,40
740.0,1.0,2.0,Seattle,98146,598000,45
1758.0,2.0,3.0,Seattle,98146,675000,30
2000.0,2.0,4.0,Seattle,98146,600000,50
1630.0,3.0,3.0,Seattle,98146,500000,50
0.0,,,Seattle,98146,2750000,48
4357.0,4.0,5.0,Seattle,98146,2185000,43
1930.0,3.0,4.0,Seattle,98146,765000,40
1066.0,2.0,2.0,Seattle,98146,324500,57
800.0,2.0,2.0,Seattle,98146,449900,39
2000.0,1.0,3.0,Seattle,98146,599900,48
1420.0,1.0,3.0,Seattle,98146,360000,38
2600.0,3.0,3.0,Seattle,98146,1156000,30
2220.0,2.0,4.0,Seattle,98146,757500,48
5224.0,,,Seattle,98146,1115000,60
1640.0,2.0,3.0,Seattle,98146,479000,44
,,,Seattle,98146,225000,32
3444.0,5.0,8.0,Seattle,98144,2260000,37
0.0,,,Seattle,98144,515000,52
1578.0,3.0,3.0,Seattle,98144,1069900,53
2420.0,2.0,3.0,Seattle,98144,600000,48
864.0,2.0,2.0,Seattle,98144,412000,44
2390.0,3.0,4.0,Seattle,98144,1079000,44
,,,Seattle,98144,629000,46
2840.0,4.0,4.0,Seattle,98144,1250000,60
1170.0,3.0,2.0,Seattle,98144,632000,34
1117.0,2.0,2.0,Seattle,98144,629000,44
1650.0,2.0,4.0,Seattle,98144,915000,35
1023.0,2.0,2.0,Seattle,98144,585000,53
2320.0,3.0,4.0,Seattle,98144,1200000,40
736.0,1.0,2.0,Seattle,98144,510000,37
1840.0,2.0,3.0,Seattle,98144,1119000,51
1330.0,2.0,3.0,Seattle,98144,675000,46
1760.0,2.0,2.0,Seattle,98144,810000,57
3340.0,4.0,5.0,Seattle,98144,2550000,33
1970.0,2.0,4.0,Seattle,98144,1100000,37
1980.0,2.0,4.0,Seattle,98144,900000,50
3300.0,4.0,5.0,Seattle,98144,1795000,44
5620.0,4.0,5.0,Seattle,98144,3465000,58
1800.0,3.0,3.0,Seattle,98144,1020000,31
1400.0,3.0,3.0,Seattle,98144,668000,48
1520.0,3.0,3.0,Seattle,98144,785000,37
2121.0,4.0,4.0,Seattle,98144,1101000,51
1500.0,2.0,3.0,Seattle,98144,798000,51
2980.0,4.0,4.0,Seattle,98144,1650000,51
884.0,1.0,2.0,Seattle,98144,345000,49
1400.0,2.0,3.0,Seattle,98144,815000,32
4550.0,5.0,4.0,Seattle,98144,8000000,57
941.0,,,Seattle,98144,368000,49
1434.0,3.0,2.0,Seattle,98144,710000,60
1450.0,2.5,3.0,Seattle,98144,710000,31
941.0,2.0,1.0,Seattle,98144,368000,42
1840.0,2.0,3.0,Seattle,98144,770000,31
1510.0,2.0,4.0,Seattle,98144,905000,58
1666.0,2.0,3.0,Seattle,98144,880000,51
2590.0,2.0,3.0,Seattle,98144,720000,33
1000.0,1.0,2.0,Seattle,98144,775000,35
3375.0,3.0,5.0,Seattle,98178,1350000,36
0.0,,,Seattle,98178,270000,42
2050.0,2.0,4.0,Seattle,98178,630000,33
1220.0,2.0,4.0,Seattle,98178,547000,33
0.0,,,Seattle,98178,340000,58
1760.0,2.0,4.0,Seattle,98178,680000,60
1500.0,3.0,3.0,Seattle,98178,595000,43
2660.0,2.0,3.0,Seattle,98178,615000,45
1310.0,1.0,3.0,Seattle,98178,420000,54
2420.0,3.0,6.0,Seattle,98178,750000,31
1430.0,1.5,1.0,Seattle,98178,370000,60
4020.0,4.0,6.0,Seattle,98178,1060000,53
2120.0,2.0,3.0,Seattle,98178,1186000,32
1580.0,2.0,5.0,Seattle,98178,465000,34
1312.0,3.0,3.0,Seattle,98178,589000,47
2020.0,1.5,3.0,Seattle,98178,620000,41
2620.0,4.0,3.0,Seattle,98178,1155000,57
816.0,1.0,1.0,Seattle,98178,180000,35
700.0,1.0,2.0,Seattle,98178,485000,31
3070.0,4.0,5.0,Seattle,98178,1049000,43
2904.0,2.75,5.0,Seattle,98178,935000,40
2830.0,3.0,4.0,Seattle,98178,1000000,57
1550.0,1.75,3.0,Seattle,98178,550000,30
2020.0,3.0,4.0,Seattle,98178,695000,51
860.0,2.0,3.0,Seattle,98178,615000,37
1900.0,2.0,5.0,Seattle,98178,650000,33
1950.0,2.0,3.0,Seattle,98178,760000,45
2050.0,4.0,3.0,Seattle,98178,760000,47
991.0,2.0,3.0,Seattle,98178,690000,38
1620.0,2.0,3.0,Seattle,98178,655000,34
2720.0,2.0,4.0,Seattle,98178,1159000,59
3060.0,3.0,4.0,Seattle,98178,575000,31
1580.0,2.0,3.0,Seattle,98178,625000,59
2060.0,2.0,5.0,Seattle,98178,750000,54
1700.0,2.5,4.0,Seattle,98199,550000,35
760.0,1.0,2.0,Seattle,98199,1106000,35
2730.0,3.0,3.0,Seattle,98199,1875000,60
2760.0,3.0,3.0,Seattle,98199,1480000,56
1200.0,2.0,2.0,Seattle,98199,545000,39
1180.0,1.0,2.0,Seattle,98199,750000,39
1600.0,1.0,2.0,Seattle,98199,850000,51
1310.0,2.0,3.0,Seattle,98199,750000,39
2590.0,3.0,4.0,Seattle,98199,1395000,59
1014.0,1.0,2.0,Seattle,98199,490000,38
1100.0,1.0,2.0,Seattle,98199,895000,31
1775.0,3.0,3.0,Seattle,98199,1099000,37
2260.0,2.0,4.0,Seattle,98199,1500000,55
930.0,2.0,2.0,Seattle,98199,560000,30
930.0,2.0,2.0,Seattle,98199,560000,49
3460.0,3.0,4.0,Seattle,98199,1500000,47
1053.0,2.0,2.0,Seattle,98199,470000,43
1680.0,3.0,3.0,Seattle,98199,1020000,43
3420.0,3.0,3.0,Seattle,98199,1480000,59
1177.0,2.0,2.0,Seattle,98199,618000,34
1760.0,2.0,3.0,Seattle,98199,990000,39
2400.0,3.0,4.0,Seattle,98199,1399900,54
1710.0,3.0,3.0,Seattle,98199,885000,46
1640.0,2.0,4.0,Seattle,98199,1025000,31
720.0,1.0,2.0,Seattle,98199,801000,31
3653.0,4.0,5.0,Seattle,98199,2245000,40
2240.0,3.0,4.0,Seattle,98199,1300000,30
3060.0,3.0,4.0,Seattle,98199,1871000,39
4870.0,4.0,4.0,Seattle,98199,2900000,44
1096.0,3.0,2.0,Seattle,98199,865000,38
1087.0,3.0,2.0,Seattle,98199,875000,45
1080.0,1.0,2.0,Seattle,98199,625000,49
2830.0,3.0,4.0,Seattle,98199,1900000,38
650.0,1.0,1.0,Seattle,98199,305000,42
633.0,1.0,1.0,Seattle,98199,305000,31
3080.0,3.0,3.0,Seattle,98199,1372000,39
1880.0,2.0,3.0,Seattle,98199,1185000,45
1670.0,2.0,3.0,Seattle,98199,1095000,32
0.0,,,Seattle,98199,1267500,48
2860.0,3.0,4.0,Seattle,98199,1850000,47
3633.0,6.0,6.0,Seattle,98199,2595000,51
759.0,2.0,2.0,Seattle,98101,580000,37
847.0,1.0,1.0,Seattle,98101,510000,34
1059.0,2.0,2.0,Seattle,98101,1996500,50
847.0,1.0,1.0,Seattle,98101,510000,33
507.0,1.0,1.0,Seattle,98101,483000,48
690.0,1.0,1.0,Seattle,98101,636000,46
4125.0,3.0,2.0,Seattle,98101,7850000,50
648.0,1.0,1.0,Seattle,98101,450000,53
648.0,1.0,1.0,Seattle,98101,450000,36
613.0,1.0,1.0,Seattle,98101,585250,41
915.0,1.0,1.0,Seattle,98101,1000000,50
738.0,1.0,1.0,Seattle,98101,429000,43
724.0,1.0,2.0,Seattle,98101,395000,57
758.0,1.0,1.0,Seattle,98101,670000,57
1368.0,2.0,2.0,Seattle,98101,1200000,35
301.0,1.0,,Seattle,98101,340000,51
660.0,1.0,1.0,Seattle,98101,325000,30
987.0,2.0,2.0,Seattle,98101,560000,30
770.0,1.0,1.0,Seattle,98101,1500000,31
579.0,1.0,1.0,Seattle,98101,575000,37
1315.0,2.0,2.0,Seattle,98101,640000,49
527.0,1.0,1.0,Seattle,98101,220000,47
1041.0,2.0,2.0,Seattle,98101,1372012,36
962.0,2.0,2.0,Seattle,98101,879000,35
1151.0,1.0,1.0,Seattle,98101,1800000,51
846.0,1.0,1.0,Seattle,98101,600000,57
846.0,1.0,1.0,Seattle,98101,600000,59
1004.0,2.0,2.0,Seattle,98101,585000,40
750.0,1.0,1.0,Seattle,98101,435000,36
1010.0,1.0,2.0,Seattle,98101,991440,46
1315.0,2.0,3.0,Seattle,98101,739000,42
1607.0,2.0,2.0,Seattle,98101,1225000,32
1549.0,2.0,2.0,Seattle,98101,1569960,55
795.0,1.0,,Seattle,98101,565000,42
940.0,1.0,2.0,Seattle,98101,750000,42
1455.0,2.0,3.0,Seattle,98101,1329960,31
1549.0,2.0,2.0,Seattle,98101,1641960,39
1770.0,3.0,3.0,Seattle,98101,1810560,50
1736.0,2.0,2.0,Seattle,98102,1850000,58
2840.0,2.0,4.0,Seattle,98102,1340000,56
0.0,,,Seattle,98102,3150000,56
664.0,1.0,1.0,Seattle,98102,319900,47
1163.0,2.0,2.0,Seattle,98102,665000,57
557.0,1.0,1.0,Seattle,98102,300000,44
2363.0,2.5,2.0,Seattle,98102,3000000,53
1544.0,3.0,2.0,Seattle,98102,949000,39
2363.0,3.0,2.0,Seattle,98102,3000000,32
2363.0,2.0,2.0,Seattle,98102,3000000,53
2254.0,4.0,3.0,Seattle,98102,1595000,60
3750.0,4.0,4.0,Seattle,98102,1965000,49
864.0,1.0,2.0,Seattle,98102,545000,56
835.0,2.0,1.0,Seattle,98102,560000,41
1790.0,4.0,3.0,Seattle,98102,1000000,45
3457.0,4.0,4.0,Seattle,98102,3200000,48
1443.0,2.0,3.0,Seattle,98102,960000,38
1196.0,2.0,2.0,Seattle,98102,785000,41
1763.0,3.0,3.0,Seattle,98102,945000,58
1730.0,2.5,3.0,Seattle,98102,945000,43
3501.0,5.0,4.0,Seattle,98102,2772500,59
4240.0,4.0,4.0,Seattle,98102,1305000,51
383.0,1.0,,Seattle,98102,295000,34
1125.0,1.0,2.0,Seattle,98102,1325000,33
1161.0,2.0,2.0,Seattle,98102,690000,47
1606.0,3.0,2.0,Seattle,98102,1200000,53
2410.0,3.0,4.0,Seattle,98102,1261500,49
1702.0,3.0,2.0,Seattle,98102,775000,44
1620.0,3.0,3.0,Seattle,98102,1030000,31
1620.0,3.0,3.0,Seattle,98102,1030000,59
890.0,1.0,2.0,Seattle,98102,1450000,41
2132.0,3.0,3.0,Seattle,98102,3100000,31
1751.0,3.0,3.0,Seattle,98102,1075000,31
1660.0,3.0,3.0,Seattle,98102,1000000,40
2320.0,3.0,3.0,Seattle,98103,1371500,30
2671.0,3.0,3.0,Seattle,98103,1299000,52
1076.0,2.0,3.0,Seattle,98103,1095000,60
2780.0,1.0,3.0,Seattle,98103,1400000,50
1430.0,2.0,3.0,Seattle,98103,1165000,39
1970.0,,,Seattle,98103,800000,40
315.0,1.0,,Seattle,98103,272500,52
3568.0,,,Seattle,98103,1200000,50
1200.0,1.0,1.0,Seattle,98103,775000,39
4080.0,4.0,4.0,Seattle,98103,1600000,33
1812.0,4.0,5.0,Seattle,98103,1200000,34
1130.0,2.0,3.0,Seattle,98103,495000,49
2660.0,4.0,6.0,Seattle,98103,1345000,49
2350.0,3.0,4.0,Seattle,98103,1600000,35
2504.0,2.0,3.0,Seattle,98103,1232800,48
1260.0,2.0,3.0,Seattle,98103,850000,33
0.0,,,Seattle,98103,913000,43
887.0,2.0,2.0,Seattle,98103,640000,57
2176.0,4.0,4.0,Seattle,98103,1192500,42
1270.0,3.0,3.0,Seattle,98103,525000,59
572.0,1.0,1.0,Seattle,98103,270000,46
17414.0,,,Seattle,98103,8900000,37
1180.0,1.75,2.0,Seattle,98103,650000,46
1384.0,2.0,3.0,Seattle,98103,910000,33
1620.0,3.0,3.0,Seattle,98103,1200000,44
1194.0,2.0,2.0,Seattle,98103,650000,49
1130.0,2.0,3.0,Seattle,98103,495000,43
8350.0,,,Seattle,98103,3650000,39
3540.0,4.0,6.0,Seattle,98103,1320000,50
1400.0,2.75,3.0,Seattle,98103,1080000,43
474.0,1.0,1.0,Seattle,98103,625000,40
1930.0,2.0,2.0,Seattle,98103,855000,40
1656.0,3.0,3.0,Seattle,98103,1080000,32
2130.0,1.0,2.0,Seattle,98103,840000,30
2254.0,,,Seattle,98103,990000,59
3170.0,2.0,4.0,Seattle,98103,1767000,33
1320.0,2.0,3.0,Seattle,98103,621000,44
3200.0,3.0,3.0,Seattle,98136,1175000,57
1550.0,2.0,2.0,Seattle,98136,925000,33
1124.0,2.0,2.0,Seattle,98136,593000,51
720.0,1.0,2.0,Seattle,98136,627926,40
1720.0,3.0,4.0,Seattle,98136,1287000,41
3224.0,3.0,4.0,Seattle,98136,1855000,46
1510.0,0.0,0.0,Seattle,98136,462500,48
1300.0,2.0,2.0,Seattle,98136,710000,47
3360.0,3.0,4.0,Seattle,98136,1575000,49
1940.0,2.0,3.0,Seattle,98136,1100000,35
1688.0,3.0,3.0,Seattle,98136,875000,49
1566.0,3.0,3.0,Seattle,98136,875000,58
1640.0,3.0,3.0,Seattle,98136,694000,50
1640.0,3.0,3.0,Seattle,98136,694000,43
1900.0,4.0,3.0,Seattle,98136,840000,45
1780.0,4.0,3.0,Seattle,98136,840000,56
1270.0,2.0,3.0,Seattle,98136,700000,47
1554.0,3.0,3.0,Seattle,98136,815000,46
1484.0,3.0,3.0,Seattle,98136,725000,38
2500.0,2.0,3.0,Seattle,98136,1160000,31
1410.0,1.0,2.0,Seattle,98136,876000,40
1890.0,2.0,4.0,Seattle,98136,1010000,52
3120.0,3.0,5.0,Seattle,98136,1571000,46
2220.0,4.0,3.0,Seattle,98136,1132400,43
1230.0,2.0,3.0,Seattle,98136,655000,48
1128.0,2.0,2.0,Seattle,98136,460000,45
686.0,1.0,1.0,Seattle,98136,348500,60
5010.0,5.0,5.0,Seattle,98136,6500000,46
1520.0,2.0,3.0,Seattle,98136,1033000,44
1443.0,3.0,2.0,Seattle,98136,725000,45
5530.0,5.0,4.0,Seattle,98136,3750000,45
1000.0,3.0,3.0,Seattle,98136,685000,53
1210.0,3.0,3.0,Seattle,98136,685000,55
2640.0,2.0,4.0,Seattle,98136,1200000,32
1232.0,2.0,2.0,Seattle,98136,550000,44
2650.0,2.0,5.0,Seattle,98136,1325000,44
1930.0,1.0,4.0,Seattle,98136,1012500,56
1010.0,2.0,2.0,Seattle,98136,550000,44
2365.0,2.0,3.0,Seattle,98136,1455000,45
1920.0,1.0,3.0,Seattle,98136,619950,37
1025.0,2.0,2.0,Seattle,98109,592000,50
1667.0,3.5,3.0,Seattle,98109,935000,33
1665.0,4.0,3.0,Seattle,98109,935000,58
2840.0,4.0,5.0,Seattle,98109,1895000,48
9970.0,10.0,5.0,Seattle,98109,5000000,38
3240.0,3.0,5.0,Seattle,98109,1800000,34
1019.0,1.0,2.0,Seattle,98109,797500,33
450.0,1.0,1.0,Seattle,98109,275000,55
800.0,1.0,1.0,Seattle,98109,395000,47
1690.0,3.0,3.0,Seattle,98109,1250000,39
2141.0,4.0,4.0,Seattle,98109,300000,34
800.0,1.0,1.0,Seattle,98109,395000,36
2660.0,2.0,4.0,Seattle,98109,1660000,43
2820.0,2.0,4.0,Seattle,98109,975000,58
5190.0,7.0,7.0,Seattle,98109,3000000,56
3023.0,4.0,4.0,Seattle,98109,1750000,60
1865.0,3.0,2.0,Seattle,98109,988000,50
4693.0,,,Seattle,98109,2135000,53
0.0,,,Seattle,98109,350000,58
753.0,2.0,2.0,Seattle,98109,380000,58
1471.0,3.0,2.0,Seattle,98109,875000,41
1471.0,3.0,2.0,Seattle,98109,875000,37
2460.0,3.0,5.0,Seattle,98109,1350000,60
1169.0,2.0,2.0,Seattle,98109,735000,41
656.0,1.0,1.0,Seattle,98109,520000,36
2820.0,4.0,4.0,Seattle,98109,1830000,41
683.0,1.0,1.0,Seattle,98109,520000,59
2400.0,3.0,3.0,Seattle,98109,1210000,50
120.0,1.0,,Seattle,98109,80000,42
1950.0,2.0,3.0,Seattle,98109,989000,42
3190.0,4.0,4.0,Seattle,98109,2495000,35
2140.0,4.0,3.0,Seattle,98109,1255000,31
5370.0,,,Seattle,98109,1975000,58
1237.0,2.0,2.0,Seattle,98109,785000,60
1780.0,2.0,3.0,Seattle,98109,1545000,54
665.0,1.0,1.0,Seattle,98109,370000,39
874.0,2.0,2.0,Seattle,98109,545000,57
3001.0,4.0,5.0,Seattle,98109,2500000,34
2430.0,2.1,4.0,Seattle,98109,1272000,40
4762.0,,,Seattle,98109,1800000,37
597.0,1.0,1.0,Seattle,98104,300000,45
440.0,1.0,,Seattle,98104,225000,41
442.0,1.0,,Seattle,98104,220000,47
934.0,2.0,1.0,Seattle,98104,500000,30
1060.0,1.0,1.0,Seattle,98104,500000,50
640.0,1.0,1.0,Seattle,98104,295000,30
514.0,1.0,1.0,Seattle,98104,420000,46
527.0,1.0,1.0,Seattle,98104,300000,40
2925.0,,,Seattle,98104,850000,52
1081.0,2.0,2.0,Seattle,98104,800000,39
653.0,1.0,1.0,Seattle,98104,400000,37
589.0,1.0,1.0,Seattle,98104,553000,49
569.0,1.0,1.0,Seattle,98104,399950,32
568.0,1.0,1.0,Seattle,98104,330000,51
673.0,1.0,1.0,Seattle,98104,325000,56
407.0,1.0,,Seattle,98104,425000,42
620.0,1.0,1.0,Seattle,98104,289000,34
791.0,1.0,1.0,Seattle,98104,510000,36
610.0,1.0,1.0,Seattle,98104,275000,55
883.0,1.0,2.0,Seattle,98104,415000,52
1354.0,2.0,1.0,Seattle,98104,830000,50
549.0,1.0,1.0,Seattle,98104,358000,59
681.0,1.0,1.0,Seattle,98104,575000,40
1105.0,2.0,2.0,Seattle,98104,1280000,45
1105.0,2.0,2.0,Seattle,98104,1142500,59
2726.0,3.0,2.0,Seattle,98104,3800000,35
640.0,1.0,1.0,Seattle,98104,275000,33
835.0,1.0,1.0,Seattle,98104,795000,55
1425.0,2.0,2.0,Seattle,98104,1000000,55
1425.0,2.0,2.0,Seattle,98104,1000000,39
530.0,1.0,1.0,Seattle,98104,249000,45
1208.0,1.5,1.0,Seattle,98104,699000,60
517.0,1.0,,Seattle,98104,540000,58
1244.0,2.0,2.0,Seattle,98104,549000,37
1288.0,1.0,2.0,Seattle,98104,482100,30
1460.0,2.0,1.0,Seattle,98104,815000,53
1541.0,2.0,2.0,Seattle,98104,1075000,36
630.0,1.0,1.0,Seattle,98104,52500,59
539.0,1.0,1.0,Seattle,98104,420000,39
535.0,1.0,,Seattle,98104,290000,52
1778.0,2.0,1.0,Seattle,98112,1975000,48
928.0,2.0,2.0,Seattle,98112,500000,45
4970.0,4.0,5.0,Seattle,98112,3225000,48
3900.0,4.0,5.0,Seattle,98112,2125000,38
1025.0,2.0,2.0,Seattle,98112,878000,57
2930.0,4.0,3.0,Seattle,98112,1670000,56
3120.0,4.0,4.0,Seattle,98112,2800000,60
2394.0,1.5,3.0,Seattle,98112,1200000,42
2084.0,2.0,2.0,Seattle,98112,1481468,33
6458.0,6.0,4.0,Seattle,98112,5350000,54
4050.0,5.0,5.0,Seattle,98112,2800000,53
3050.0,4.0,3.0,Seattle,98112,2725000,56
3220.0,,,Seattle,98112,1215000,31
2480.0,2.0,3.0,Seattle,98112,1385000,55
5237.0,5.0,5.0,Seattle,98112,4000000,33
5498.0,5.0,5.0,Seattle,98112,6200000,36
2338.0,2.0,4.0,Seattle,98112,1735000,54
1620.0,1.0,2.0,Seattle,98112,1175000,51
2010.0,1.0,2.0,Seattle,98112,1150000,46
2720.0,3.0,4.0,Seattle,98112,1900000,33
2410.0,3.0,5.0,Seattle,98112,1390000,31
1394.0,3.0,3.0,Seattle,98112,1700000,47
3120.0,2.75,8.0,Seattle,98112,2260000,34
1724.0,2.0,2.0,Seattle,98112,1875000,58
1470.0,3.0,3.0,Seattle,98112,999000,32
1000.0,1.0,2.0,Seattle,98112,707500,32
2750.0,3.0,3.0,Seattle,98112,1980000,43
2758.0,3.0,2.0,Seattle,98112,3825000,37
2387.0,3.0,3.0,Seattle,98112,2290000,39
2054.0,3.0,4.0,Seattle,98112,1449900,43
661.0,1.0,2.0,Seattle,98112,364500,31
1920.0,3.0,4.0,Seattle,98112,1350000,36
2894.0,4.0,4.0,Seattle,98112,2126000,47
2440.0,2.0,4.0,Seattle,98112,1200000,55
2740.0,4.0,3.0,Seattle,98112,2500000,30
5347.0,6.0,4.0,Seattle,98112,4800000,45
1860.0,3.0,4.0,Seattle,98112,1500000,53
2100.0,2.0,3.0,Seattle,98117,1100000,54
2792.0,2.0,2.0,Seattle,98117,972000,49
1960.0,2.0,3.0,Seattle,98117,1222000,46
3690.0,4.0,4.0,Seattle,98117,3050000,45
1110.0,1.0,2.0,Seattle,98117,760000,55
2020.0,4.0,5.0,Seattle,98117,1185000,39
2483.0,3.0,4.0,Seattle,98117,1330000,37
2950.0,4.0,5.0,Seattle,98117,1650000,36
2240.0,1.0,2.0,Seattle,98117,790000,53
1024.0,3.0,2.0,Seattle,98117,697000,51
1111.0,3.0,2.0,Seattle,98117,815000,49
2310.0,2.0,6.0,Seattle,98117,995000,42
1386.0,3.0,3.0,Seattle,98117,875000,49
790.0,1.0,1.0,Seattle,98117,410000,54
1470.0,3.25,3.0,Seattle,98117,810000,40
1108.0,2.0,2.0,Seattle,98117,638950,56
1088.0,3.0,2.0,Seattle,98117,700000,30
1100.0,3.0,2.0,Seattle,98117,669999,48
1470.0,4.0,3.0,Seattle,98117,810000,30
1720.0,2.0,3.0,Seattle,98117,1012000,58
670.0,1.0,1.0,Seattle,98117,1100000,59
960.0,1.0,2.0,Seattle,98117,660000,45
2560.0,2.0,3.0,Seattle,98117,1350000,58
1100.0,3.0,2.0,Seattle,98117,660000,44
1018.0,3.0,2.0,Seattle,98117,675000,32
2420.0,2.0,3.0,Seattle,98117,1000000,40
2570.0,3.0,4.0,Seattle,98117,1825000,31
1689.0,3.0,3.0,Seattle,98117,909000,37
3340.0,2.0,4.0,Seattle,98117,950000,33
2380.0,3.0,3.0,Seattle,98117,1150000,49
1187.0,2.0,2.0,Seattle,98117,699950,60
1575.0,3.0,4.0,Seattle,98117,840000,44
3090.0,4.0,5.0,Seattle,98117,1960000,37
1644.0,3.0,3.0,Seattle,98117,909000,41
2060.0,2.0,3.0,Seattle,98117,1060000,52
3300.0,4.0,4.0,Seattle,98117,2250000,33
814.0,1.0,1.0,Seattle,98121,695000,55
702.0,1.0,1.0,Seattle,98121,550000,48
765.0,1.0,1.0,Seattle,98121,840000,50
985.0,1.0,2.0,Seattle,98121,1020000,36
1154.0,2.0,2.0,Seattle,98121,1018000,60
337.0,1.0,1.0,Seattle,98121,299900,55
1371.0,2.0,2.0,Seattle,98121,815000,47
1120.0,2.0,2.0,Seattle,98121,595000,60
564.0,1.0,1.0,Seattle,98121,625000,59
532.0,1.0,1.0,Seattle,98121,426500,30
1408.0,2.0,2.0,Seattle,98121,835000,36
601.0,1.0,1.0,Seattle,98121,327500,40
1523.0,2.0,2.0,Seattle,98121,1095000,57
1523.0,2.0,2.0,Seattle,98121,1095000,40
3194.0,4.0,3.0,Seattle,98121,1700000,34
814.0,1.0,1.0,Seattle,98121,635000,57
542.0,1.0,1.0,Seattle,98121,585000,40
1006.0,2.0,2.0,Seattle,98121,905000,51
1390.0,2.0,2.0,Seattle,98121,799900,52
494.0,2.0,1.0,Seattle,98121,371000,33
564.0,1.0,1.0,Seattle,98121,670000,51
721.0,1.0,1.0,Seattle,98121,410000,33
1073.0,2.0,1.0,Seattle,98121,775000,60
667.0,1.0,1.0,Seattle,98121,399000,41
1408.0,2.0,2.0,Seattle,98121,850000,41
814.0,1.0,1.0,Seattle,98121,589000,33
1269.0,2.0,2.0,Seattle,98121,1500000,60
765.0,1.0,1.0,Seattle,98121,550000,33
603.0,1.0,1.0,Seattle,98121,373500,40
596.0,1.0,1.0,Seattle,98121,350000,37
941.0,2.0,2.0,Seattle,98121,650000,35
821.0,1.0,1.0,Seattle,98121,814334,32
450.0,1.0,,Seattle,98121,270000,54
1133.0,2.0,1.0,Seattle,98121,595000,50
1114.0,2.0,2.0,Seattle,98121,705000,31
1154.0,2.0,2.0,Seattle,98121,1700000,50
1909.0,3.0,3.0,Seattle,98121,2200000,51
466.0,1.0,1.0,Seattle,98121,355000,49
846.0,1.0,1.0,Seattle,98119,499000,56
3070.0,1.0,3.0,Seattle,98119,1420000,32
1607.0,4.0,3.0,Seattle,98119,1402500,44
3620.0,4.0,6.0,Seattle,98119,1895000,34
1000.0,1.0,2.0,Seattle,98119,1130000,57
972.0,1.0,1.0,Seattle,98119,410000,33
3290.0,4.0,4.0,Seattle,98119,3450000,59
1490.0,,,Seattle,98119,1000000,60
6664.0,7.0,6.0,Seattle,98119,4800000,55
3297.0,4.0,5.0,Seattle,98119,2660000,49
1900.0,3.0,3.0,Seattle,98119,1180000,58
3200.0,3.0,4.0,Seattle,98119,2100000,49
1650.0,3.0,3.0,Seattle,98119,927000,37
2327.0,2.5,2.0,Seattle,98119,1945000,55
1513.0,2.0,2.0,Seattle,98119,1800000,43
2327.0,3.0,3.0,Seattle,98119,1945000,30
4983.0,6.0,6.0,Seattle,98119,3000000,31
1240.0,1.0,2.0,Seattle,98119,590000,56
1025.0,1.0,2.0,Seattle,98119,990000,55
3171.0,3.0,5.0,Seattle,98119,1530000,55
2435.0,3.0,6.0,Seattle,98119,1500000,54
2290.0,4.0,3.0,Seattle,98119,968000,38
1000.0,2.0,2.0,Seattle,98119,615000,49
3300.0,4.0,5.0,Seattle,98119,2700000,47
3299.0,4.0,4.0,Seattle,98119,2000000,57
2570.0,3.0,4.0,Seattle,98119,1550000,31
1700.0,2.0,2.0,Seattle,98119,1297000,56
1860.0,2.0,3.0,Seattle,98119,1250000,41
851.0,1.0,2.0,Seattle,98119,599000,54
1593.0,3.0,3.0,Seattle,98119,1220000,31
1530.0,3.0,3.0,Seattle,98119,1220000,35
2440.0,3.0,6.0,Seattle,98119,1099000,54
1740.0,2.0,3.0,Seattle,98119,965000,34
1540.0,3.0,3.0,Seattle,98119,903000,40
3120.0,4.0,4.0,Seattle,98119,2295000,50
3200.0,2.0,5.0,Seattle,98119,1675000,44
1622.0,2.0,3.0,Seattle,98119,699000,46
1622.0,2.0,3.0,Seattle,98119,699000,35
781.0,1.0,1.0,Seattle,98119,340000,54
781.0,1.0,1.0,Seattle,98119,340000,56
1950.0,2.25,4.0,Seattle,98119,1150000,55
1410.0,1.0,3.0,Seattle,98155,640000,39
2900.0,4.0,3.0,Seattle,98115,1424000,45
2047.0,3.0,3.0,Seattle,98177,860000,40
1960.0,2.0,3.0,Seattle,98107,1245000,57
2430.0,3.0,5.0,Seattle,98125,925000,34
920.0,1.0,2.0,Seattle,98125,720000,38
1480.0,1.0,2.0,Seattle,98125,615000,31
2260.0,3.0,4.0,Seattle,98125,1125000,48
1860.0,2.0,3.0,Seattle,98125,775000,32
1170.0,2.0,4.0,Seattle,98125,975000,59
880.0,1.0,2.0,Seattle,98125,475000,53
990.0,2.0,3.0,Seattle,98125,640000,38
1700.0,3.0,4.0,Seattle,98125,720000,56
1660.0,2.0,3.0,Seattle,98125,850000,32
2360.0,3.0,4.0,Seattle,98125,1450000,42
1310.0,1.5,3.0,Seattle,98125,500000,33
2260.0,3.0,4.0,Seattle,98125,890000,47
1310.0,1.5,3.0,Seattle,98125,515000,60
20185.0,,,Seattle,98125,1800000,54
2740.0,3.0,3.0,Seattle,98125,3290625,50
1250.0,1.0,3.0,Seattle,98125,670000,55
1520.0,1.0,2.0,Seattle,98125,745000,51
2540.0,3.0,3.0,Seattle,98125,2358756,36
3410.0,3.0,5.0,Seattle,98125,3650000,31
1076.0,3.0,3.0,Seattle,98125,729950,58
2310.0,3.0,4.0,Seattle,98125,1295000,31
2200.0,3.0,5.0,Seattle,98125,1195000,39
1977.0,3.0,3.0,Seattle,98125,975000,48
1521.0,4.0,3.0,Seattle,98125,645000,43
1880.0,2.0,4.0,Seattle,98125,550000,53
1750.0,2.0,3.0,Seattle,98125,1345000,44
1480.0,2.0,3.0,Seattle,98125,930000,45
1760.0,3.0,3.0,Seattle,98125,650000,51
2360.0,2.0,3.0,Seattle,98125,740000,52
2600.0,3.0,5.0,Seattle,98125,1000000,31
2000.0,2.0,3.0,Seattle,98125,975000,56
1200.0,2.0,2.0,Seattle,98125,745000,44
1119.0,1.0,3.0,Seattle,98125,600000,46
1540.0,3.0,3.0,Seattle,98125,865000,44
3640.0,3.0,5.0,Seattle,98125,1565000,58
1040.0,1.5,3.0,Seattle,98125,670000,55
1320.0,2.0,3.0,Seattle,98125,664000,40
2520.0,2.0,4.0,Seattle,98125,860000,45
1450.0,3.0,3.0,Seattle,98133,549000,57
994.0,2.0,2.0,Seattle,98133,279000,52
1310.0,2.0,4.0,Seattle,98133,745000,35
1450.0,2.0,3.0,Seattle,98133,760000,56
2050.0,2.0,4.0,Seattle,98133,1125000,57
1800.0,2.0,4.0,Seattle,98133,865000,41
2680.0,4.0,4.0,Seattle,98133,1162500,52
1500.0,3.0,3.0,Seattle,98133,622500,54
646.0,1.0,1.0,Seattle,98133,284000,38
1117.0,3.0,2.0,Seattle,98133,700000,56
902.0,2.0,2.0,Seattle,98133,395000,50
1390.0,2.5,3.0,Seattle,98133,525000,38
1381.0,3.0,3.0,Seattle,98133,623000,43
1320.0,2.0,3.0,Seattle,98133,550000,41
1330.0,3.0,3.0,Seattle,98133,525000,46
2399.0,3.0,4.0,Seattle,98133,1125000,35
1370.0,3.0,3.0,Seattle,98133,623000,36
1850.0,2.0,3.0,Seattle,98133,950000,33
1650.0,2.0,3.0,Seattle,98133,595000,46
1661.0,2.0,4.0,Seattle,98133,595000,36
0.0,,,Seattle,98133,827500,48
850.0,2.0,2.0,Seattle,98133,328725,38
2080.0,3.0,3.0,Seattle,98133,975000,41
1372.0,3.0,3.0,Seattle,98133,776000,43
1920.0,2.0,3.0,Seattle,98133,1050000,32
1440.0,2.0,3.0,Seattle,98133,625000,44
1810.0,3.0,4.0,Seattle,98133,800000,41
3517.0,4.0,5.0,Seattle,98133,1895000,40
783.0,2.0,1.0,Seattle,98133,293700,34
2100.0,1.0,3.0,Seattle,98133,778000,44
4160.0,4.0,5.0,Seattle,98133,1000000,48
1487.0,2.0,2.0,Seattle,98133,675000,53
3030.0,3.0,4.0,Seattle,98133,1150000,51
1487.0,2.0,2.0,Seattle,98133,680000,55
646.0,1.0,1.0,Seattle,98133,284950,43
1150.0,1.0,3.0,Seattle,98133,650000,30
0.0,,,Seattle,98133,799950,57
1145.0,1.0,4.0,Seattle,98133,680000,48
3977.0,3.0,3.0,Seattle,98036,1450000,49
3300.0,3.0,4.0,Seattle,98034,1776500,47
1782.0,2.0,3.0,Seattle,98021,679950,45
1780.0,2.0,4.0,Seattle,98155,816000,38
3038.0,3.0,4.0,Seattle,98177,943000,37
1830.0,3.0,4.0,Seattle,98155,830000,51
1830.0,3.0,4.0,Seattle,98155,759900,54
2000.0,3.0,3.0,Seattle,98028,1150000,53
3010.0,3.0,5.0,Seattle,98028,1375000,57
1332.0,2.0,2.0,Seattle,98028,614990,47
2344.0,3.0,4.0,Seattle,98177,1075000,40
2110.0,2.0,3.0,Seattle,98177,741000,36
4310.0,3.0,5.0,Seattle,98177,2530000,56
1340.0,2.0,3.0,Seattle,98177,685000,35
1151.0,3.0,2.0,Seattle,98177,780000,34
4350.0,4.0,5.0,Seattle,98177,1580000,53
5494.0,3.0,4.0,Seattle,98177,4200000,51
3000.0,5.0,5.0,Seattle,98177,1830000,55
2390.0,3.0,4.0,Seattle,98177,1450000,31
1144.0,3.0,2.0,Seattle,98177,735000,52
2290.0,2.0,3.0,Seattle,98177,925000,33
1178.0,2.0,3.0,Seattle,98177,799000,42
1870.0,3.0,3.0,Seattle,98177,725000,31
2189.0,2.0,3.0,Seattle,98177,799950,43
2960.0,4.0,5.0,Seattle,98177,1165000,36
2708.0,3.0,5.0,Seattle,98177,875000,54
1000.0,2.0,2.0,Seattle,98177,780000,44
961.0,1.5,2.0,Seattle,98177,485000,59
961.0,2.0,2.0,Seattle,98177,485000,31
2910.0,2.0,4.0,Seattle,98177,1375000,40
2066.0,2.0,3.0,Seattle,98177,849000,32
2490.0,4.0,3.0,Seattle,98177,1643000,47
2350.0,3.0,3.0,Seattle,98177,1900000,51
4104.0,5.0,4.0,Seattle,98177,1565000,51
,,,Seattle,98177,3950000,30
1510.0,2.0,3.0,Seattle,98177,850000,34
1760.0,1.5,3.0,Seattle,98177,1200000,49
2210.0,2.0,3.0,Seattle,98177,740000,34
2135.0,3.0,4.0,Seattle,98177,1300000,51
2650.0,3.0,4.0,Seattle,98177,1450000,54
1830.0,3.0,3.0,Seattle,98177,850000,38
3840.0,3.0,5.0,Seattle,98177,1995000,33
2460.0,3.0,7.0,Seattle,98177,1050000,34
730.0,1.0,1.0,Seattle,98177,310000,35
7280.0,5.0,6.0,Seattle,98177,7000000,31
2830.0,2.0,3.0,Seattle,98177,1125000,36
3304.0,3.0,4.0,Seattle,98177,2430000,49
2520.0,3.0,3.0,Seattle,98177,1420000,47
2990.0,3.0,5.0,Seattle,98177,1930000,51
1822.0,2.0,3.0,Seattle,98116,1370000,50
2084.0,4.0,4.0,Seattle,98116,1000000,50
2320.0,3.0,4.0,Seattle,98116,1155000,56
2120.0,3.0,5.0,Seattle,98116,1201000,58
811.0,2.0,2.0,Seattle,98116,659000,44
758.0,1.0,2.0,Seattle,98116,405650,58
2930.0,1.0,2.0,Seattle,98116,1075000,32
1920.0,2.0,3.0,Seattle,98116,1105500,55
849.0,2.0,2.0,Seattle,98116,575000,52
3890.0,4.0,4.0,Seattle,98116,2810000,51
1780.0,2.0,4.0,Seattle,98116,850000,33
2540.0,3.0,4.0,Seattle,98116,1650000,33
1780.0,,,Seattle,98116,850000,43
1210.0,3.0,3.0,Seattle,98116,675000,36
1052.0,1.0,2.0,Seattle,98116,748000,58
2550.0,2.0,4.0,Seattle,98116,1015000,42
3040.0,4.0,4.0,Seattle,98116,1774000,56
2280.0,3.0,4.0,Seattle,98116,1200000,52
2660.0,3.0,3.0,Seattle,98116,1365000,36
1123.0,1.0,3.0,Seattle,98116,1490000,59
2089.0,1.0,4.0,Seattle,98116,966000,35
4075.0,3.0,5.0,Seattle,98116,1760000,60
1431.0,3.0,3.0,Seattle,98116,898000,49
2350.0,4.0,4.0,Seattle,98116,1490000,53
3655.0,4.0,5.0,Seattle,98116,2300000,39
1129.0,2.0,2.0,Seattle,98116,450000,33
759.0,1.0,1.0,Seattle,98116,467000,36
1003.0,1.0,1.0,Seattle,98116,510000,57
990.0,2.0,2.0,Seattle,98116,575000,41
990.0,2.0,2.0,Seattle,98116,575000,43
1230.0,2.0,3.0,Seattle,98116,805000,57
3460.0,2.0,6.0,Seattle,98116,1600000,55
2520.0,3.0,3.0,Seattle,98116,1616000,42
2030.0,2.0,3.0,Seattle,98116,1385000,56
1431.0,3.0,3.0,Seattle,98116,898000,50
2720.0,2.0,5.0,Seattle,98116,1300000,59
2148.0,2.0,2.0,Seattle,98116,1075000,53
2360.0,2.0,3.0,Seattle,98116,975000,40
1260.0,2.0,2.0,Seattle,98116,776653,39
1260.0,2.0,2.0,Seattle,98116,776653,47
1740.0,2.0,4.0,Seattle,98116,995000,50
2300.0,3.0,4.0,Seattle,98116,1100000,49
2070.0,2.0,4.0,Seattle,98116,635000,46
4298.0,3.0,4.0,Seattle,98116,2300000,30
940.0,1.0,2.0,Seattle,98116,713700,40
1244.0,2.0,2.0,Seattle,98116,3500000,36
1250.0,0.75,1.0,Seattle,98116,1618000,35
3400.0,4.0,4.0,Seattle,98116,1668000,38
2021.0,4.0,3.0,Seattle,98116,1050000,35
2469.0,3.0,3.0,Seattle,98116,3500000,39
0.0,,,Seattle,98116,100000,47
1062.0,2.0,2.0,Seattle,98116,685000,49
1062.0,2.0,2.0,Seattle,98116,685000,35
2670.0,2.0,3.0,Seattle,98116,1400000,33
811.0,2.0,2.0,Seattle,98116,688000,44
1088.0,3.0,2.0,Seattle,98116,765000,43
1840.0,1.0,3.0,Seattle,98116,930000,57
1479.0,2.0,2.0,Seattle,98116,800000,42
1135.0,2.0,2.0,Seattle,98116,640000,56
1300.0,2.0,3.0,Seattle,98116,840000,48
2380.0,2.0,4.0,Seattle,98116,1475000,42
1550.0,2.0,3.0,Seattle,98116,1100000,52
2438.0,3.0,4.0,Seattle,98116,1515000,60
1262.0,2.0,2.0,Seattle,98116,1224000,36
1639.0,2.0,3.0,Seattle,98116,1243000,51
2340.0,2.0,5.0,Seattle,98116,1160000,34
2362.0,2.0,4.0,Seattle,98116,1208500,51
3466.0,3.0,4.0,Seattle,98116,2425000,54
2939.0,2.0,4.0,Seattle,98116,1330000,44
2837.0,2.0,4.0,Seattle,98116,1481000,49
1970.0,2.75,4.0,Seattle,98116,1050000,52
2060.0,2.0,3.0,Seattle,98116,1180000,46
1957.0,3.0,4.0,Seattle,98116,1050000,47
3250.0,2.75,5.0,Seattle,98116,960000,36
1660.0,3.0,3.0,Seattle,98116,1130000,45
956.0,1.5,2.0,Seattle,98116,675000,53
1420.0,2.0,2.0,Seattle,98116,1100000,35
1120.0,2.0,3.0,Seattle,98116,895000,38
1760.0,2.0,3.0,Seattle,98116,950000,31
639.0,1.0,1.0,Seattle,98116,383800,41
995.0,2.0,2.0,Seattle,98116,735000,42
1531.0,3.0,3.0,Seattle,98116,898000,35
2721.0,4.0,4.0,Seattle,98106,1425000,50
526.0,1.0,1.0,Seattle,98106,199950,60
3004.0,4.0,8.0,Seattle,98106,1025000,47
1590.0,3.0,3.0,Seattle,98106,695000,52
3854.0,,,Seattle,98106,1025000,52
2368.0,4.0,4.0,Seattle,98106,1000000,33
1020.0,3.0,3.0,Seattle,98106,451000,59
1350.0,3.0,3.0,Seattle,98106,625000,34
2368.0,3.5,3.0,Seattle,98106,1000000,51
1870.0,1.0,3.0,Seattle,98106,700000,42
1680.0,2.5,3.0,Seattle,98106,356500,30
1370.0,3.0,3.0,Seattle,98106,835000,32
880.0,1.0,2.0,Seattle,98106,640000,56
1070.0,2.0,3.0,Seattle,98106,585000,56
1430.0,2.0,3.0,Seattle,98106,740000,46
,,,Seattle,98106,984900,60
2145.0,3.0,3.0,Seattle,98106,984900,59
1450.0,1.0,3.0,Seattle,98106,630000,59
790.0,1.0,2.0,Seattle,98106,575000,41
2690.0,3.0,4.0,Seattle,98106,1323000,56
,,,Seattle,98106,1068900,39
2487.0,3.0,5.0,Seattle,98106,1068900,54
980.0,1.0,3.0,Seattle,98106,565000,43
1150.0,1.0,3.0,Seattle,98106,520000,36
1550.0,3.0,3.0,Seattle,98106,633000,50
1969.0,3.0,4.0,Seattle,98106,889950,47
1276.0,2.0,3.0,Seattle,98106,645000,36
1080.0,2.0,2.0,Seattle,98106,649950,33
3470.0,5.0,5.0,Seattle,98106,1285000,41
1550.0,1.75,3.0,Seattle,98106,595000,49
1005.0,1.0,2.0,Seattle,98106,599950,54
1480.0,2.0,3.0,Seattle,98106,690000,58
2721.0,2.0,2.0,Seattle,98106,1434950,35
1680.0,2.0,3.0,Seattle,98106,650000,60
471.0,1.0,1.0,Seattle,98106,245000,44
628.0,1.0,1.0,Seattle,98105,360000,42
2240.0,3.0,5.0,Seattle,98105,1370000,57
990.0,1.0,3.0,Seattle,98105,920000,52
1149.0,2.0,2.0,Seattle,98105,600000,60
680.0,1.0,1.0,Seattle,98105,323000,34
1280.0,2.0,2.0,Seattle,98105,640000,48
4080.0,3.0,4.0,Seattle,98105,3398500,47
1980.0,1.0,2.0,Seattle,98105,925000,60
4360.0,3.0,4.0,Seattle,98105,2318000,37
1360.0,2.0,3.0,Seattle,98105,1060000,30
3601.0,6.0,4.0,Seattle,98105,2630000,53
1540.0,3.0,3.0,Seattle,98105,1020000,58
1910.0,2.0,3.0,Seattle,98105,1350000,36
1782.0,,,Seattle,98105,817000,39
3770.0,4.0,5.0,Seattle,98105,2775000,37
1600.0,2.0,3.0,Seattle,98105,1250000,52
4019.0,5.0,5.0,Seattle,98105,3900000,41
1414.0,3.0,3.0,Seattle,98105,630000,39
1320.0,2.0,2.0,Seattle,98105,989500,59
4350.0,5.0,4.0,Seattle,98105,2709880,48
1340.0,4.0,3.0,Seattle,98105,725000,42
2030.0,2.0,3.0,Seattle,98105,1410000,58
1570.0,2.0,3.0,Seattle,98105,931500,58
3615.0,5.0,5.0,Seattle,98105,3729286,46
4910.0,3.0,5.0,Seattle,98105,4150000,37
2300.0,2.0,3.0,Seattle,98105,720000,37
1303.0,2.0,3.0,Seattle,98105,770000,30
1710.0,2.0,3.0,Seattle,98105,1000000,45
2550.0,2.0,4.0,Seattle,98105,1585000,39
1080.0,3.0,2.0,Seattle,98105,910000,38
2710.0,2.0,4.0,Seattle,98105,825000,53
1870.0,2.0,3.0,Seattle,98105,1297000,34
1083.0,3.0,2.0,Seattle,98105,900000,53
2090.0,3.0,3.0,Seattle,98105,1450000,48
1152.0,2.0,2.0,Seattle,98105,525000,47
3830.0,,,Seattle,98105,1545000,35
1710.0,3.0,3.0,Seattle,98105,1150000,42
2120.0,1.0,3.0,Seattle,98105,730000,31
710.0,1.0,1.0,Seattle,98105,325000,38
1450.0,2.0,2.0,Seattle,98105,732500,39
1366.0,2.0,2.0,Seattle,98116,810000,57
710.0,1.0,2.0,Seattle,98116,750000,37
980.0,3.0,2.0,Seattle,98116,585000,31
2080.0,3.0,3.0,Seattle,98116,1250000,33
2180.0,3.0,3.0,Seattle,98116,1400000,35
990.0,1.0,2.0,Seattle,98116,755000,48
2340.0,2.0,4.0,Seattle,98116,1765000,39
2040.0,2.0,3.0,Seattle,98116,882000,33
1740.0,1.0,3.0,Seattle,98116,1200000,34
1313.0,3.0,3.0,Seattle,98116,775000,42
2250.0,4.0,5.0,Seattle,98116,945250,30
2020.0,2.0,3.0,Seattle,98116,875000,60
2730.0,3.0,3.0,Seattle,98116,1175000,52
100.0,1.0,1.0,Seattle,98116,735000,56
1950.0,2.0,3.0,Seattle,98116,1508000,47
3260.0,3.0,5.0,Seattle,98116,1300000,34
1140.0,2.0,3.0,Seattle,98116,950000,47
2320.0,3.0,3.0,Seattle,98116,1650000,44
787.0,1.0,2.0,Seattle,98116,310000,60
2120.0,3.0,3.0,Seattle,98116,1450000,33
2340.0,2.0,3.0,Seattle,98116,1118000,34
2110.0,3.0,4.0,Seattle,98116,1785000,31
1364.0,3.0,3.0,Seattle,98116,710000,33
1340.0,1.0,2.0,Seattle,98116,855800,50
2490.0,3.0,4.0,Seattle,98116,1827000,55
830.0,2.0,2.0,Seattle,98116,759000,31
2070.0,1.5,4.0,Seattle,98116,725000,44
2050.0,2.0,3.0,Seattle,98116,1669125,60
2160.0,2.0,3.0,Seattle,98116,1040000,53
1890.0,1.0,3.0,Seattle,98116,1165000,54
2640.0,4.0,3.0,Seattle,98116,2080000,32
2047.0,4.0,4.0,Seattle,98116,1260000,47
2260.0,3.0,3.0,Seattle,98116,1365000,57
1360.0,1.75,2.0,Seattle,98116,699000,57
1360.0,2.0,2.0,Seattle,98116,699000,38
1690.0,3.0,3.0,Seattle,98116,1095000,48
2020.0,2.0,4.0,Seattle,98116,965000,35
1640.0,1.0,2.0,Seattle,98116,825000,38
1550.0,2.0,2.0,Seattle,98116,1150000,46
2340.0,2.0,3.0,Seattle,98116,1200000,53
1830.0,1.0,2.0,Seattle,98116,950000,49
1666.0,2.0,2.0,Seattle,98116,1900000,41
848.0,2.0,2.0,Seattle,98116,621000,30
1980.0,2.0,3.0,Seattle,98116,850000,34
1343.0,2.0,3.0,Seattle,98116,961250,60
5300.0,3.5,4.0,Seattle,98116,2200000,50
1250.0,3.0,3.0,Seattle,98116,630000,59
1220.0,2.0,2.0,Seattle,98116,689500,47
,,,Seattle,98116,600000,31
3080.0,3.0,4.0,Seattle,98116,1550000,47
1017.0,2.0,2.0,Seattle,98116,615000,49
1087.0,3.0,3.0,Seattle,98116,880000,45
800.0,1.0,2.0,Seattle,98116,750000,59
1108.0,2.0,2.0,Seattle,98116,712000,49
1366.0,2.0,2.0,Seattle,98116,899000,48
2080.0,2.0,3.0,Seattle,98116,1030000,54
1107.0,2.0,2.0,Seattle,98116,825000,60
500.0,1.0,1.0,Seattle,98116,289000,56
1688.0,2.0,3.0,Seattle,98116,950000,42
1159.0,2.0,2.0,Seattle,98116,762000,59
1470.0,4.0,3.0,Seattle,98116,1145000,30
1017.0,2.0,2.0,Seattle,98116,615000,59
1403.0,3.0,3.0,Seattle,98116,850000,50
1132.0,2.0,2.0,Seattle,98116,675000,57
2000.0,2.0,4.0,Seattle,98116,900000,46
1060.0,1.0,2.0,Seattle,98116,810000,35
2925.0,3.0,5.0,Seattle,98116,1025000,56
1450.0,2.0,2.0,Seattle,98116,725000,31
2780.0,3.0,5.0,Seattle,98116,1850000,43
1083.0,2.0,2.0,Seattle,98116,569000,48
2280.0,3.0,3.0,Seattle,98116,1216950,48
1920.0,3.0,4.0,Seattle,98116,1408000,43
1020.0,1.0,2.0,Seattle,98116,565000,32
770.0,1.0,2.0,Seattle,98116,510000,42
1970.0,3.25,3.0,Seattle,98116,985000,46
1970.0,4.0,3.0,Seattle,98116,985000,46
1675.0,2.0,3.0,Seattle,98116,1044000,56
1950.0,2.0,3.0,Seattle,98116,1075000,53
510.0,1.0,1.0,Seattle,98116,284000,50
3420.0,5.0,4.0,Seattle,98116,1568000,34
2100.0,3.0,4.0,Seattle,98116,1200000,36
510.0,1.0,1.0,Seattle,98116,284000,41
3490.0,3.0,4.0,Seattle,98116,1465000,47
2435.0,3.0,2.0,Seattle,98116,1825000,50
2030.0,4.0,3.0,Seattle,98116,1402000,45
1070.0,2.0,3.0,Seattle,98116,655000,54
2498.0,4.0,4.0,Seattle,98116,1575000,31
1070.0,3.0,3.0,Seattle,98116,655000,59
1174.0,2.0,2.0,Seattle,98116,675000,52
1950.0,3.0,3.0,Seattle,98116,789000,50
1360.0,3.0,3.0,Seattle,98116,795000,45
1610.0,3.0,3.0,Seattle,98116,789000,43
1731.0,3.0,3.0,Seattle,98116,1095000,53
811.0,2.0,2.0,Seattle,98116,680000,50
3167.0,4.0,4.0,Seattle,98116,2100000,50
840.0,2.0,2.0,Seattle,98116,621000,50
641.0,1.0,1.0,Seattle,98116,337500,33
830.0,1.0,3.0,Seattle,98116,500000,38
1080.0,2.0,3.0,Seattle,98116,849000,41
1233.0,3.0,2.0,Seattle,98116,759000,36
1370.0,2.0,2.0,Seattle,98116,735000,46
1320.0,2.0,2.0,Seattle,98116,735000,40
1247.0,2.0,2.0,Seattle,98116,1200000,54
1300.0,1.0,3.0,Seattle,98116,900000,45
1247.0,2.0,2.0,Seattle,98116,1200000,35
990.0,3.0,1.0,Seattle,98116,850000,44
1894.0,3.0,3.0,Seattle,98116,1185000,45
1141.0,2.0,2.0,Seattle,98116,550000,39
2570.0,3.0,3.0,Seattle,98116,1400000,36
840.0,1.0,2.0,Seattle,98116,700000,55
2220.0,2.0,4.0,Seattle,98116,972400,60
1820.0,2.0,3.0,Seattle,98116,1200000,45
640.0,1.0,2.0,Seattle,98116,660000,59
2420.0,3.0,4.0,Seattle,98116,1351000,57
2322.0,4.0,4.0,Seattle,98116,1360000,43
1570.0,2.0,3.0,Seattle,98116,1100000,56
2240.0,2.0,3.0,Seattle,98116,857000,32
2880.0,3.0,3.0,Seattle,98116,1965000,54
803.0,1.0,2.0,Seattle,98116,630000,33
1276.0,2.0,3.0,Seattle,98116,617500,41
740.0,1.0,1.0,Seattle,98116,410000,41
1470.0,2.0,3.0,Seattle,98116,855000,37
1436.0,3.0,3.0,Seattle,98116,744999,51
1080.0,2.0,2.0,Seattle,98116,589100,50
1455.0,2.0,3.0,Seattle,98116,749950,31
1320.0,1.75,3.0,Seattle,98116,749950,33
895.0,1.0,1.0,Seattle,98116,495000,32
1910.0,2.0,3.0,Seattle,98116,967000,44
1003.0,1.0,1.0,Seattle,98116,479000,46
1455.0,2.0,4.0,Seattle,98116,749950,50
2211.0,4.0,4.0,Seattle,98116,1189500,35
2643.0,4.0,3.0,Seattle,98116,1299000,43
1291.0,2.0,2.0,Seattle,98116,735000,39
1092.0,3.0,2.0,Seattle,98116,799000,45
1240.0,1.0,2.0,Seattle,98116,735000,57
3630.0,3.0,4.0,Seattle,98116,1200000,30
2010.0,2.5,3.0,Seattle,98116,1200000,47
2010.0,3.0,3.0,Seattle,98116,1200000,31
890.0,1.0,2.0,Seattle,98116,770000,50
3770.0,4.0,4.0,Seattle,98116,2925000,49
1310.0,2.25,3.0,Seattle,98116,682500,43
1310.0,3.0,3.0,Seattle,98116,682500,52
3620.0,5.0,5.0,Seattle,98116,1357000,30
1970.0,2.0,3.0,Seattle,98116,850000,56
2410.0,4.0,4.0,Seattle,98116,1605000,52
2850.0,4.0,5.0,Seattle,98116,1383000,52
2600.0,3.5,4.0,Seattle,98116,1350000,57
1483.0,3.0,3.0,Seattle,98116,1020000,60
790.0,1.0,2.0,Seattle,98116,412000,55
2830.0,4.0,4.0,Seattle,98116,1708200,32
661.0,1.0,1.0,Seattle,98116,375000,47
1160.0,1.0,3.0,Seattle,98116,700000,37
1424.0,2.0,2.0,Seattle,98116,805000,51
3722.0,,,Seattle,98116,2750000,50
1420.0,3.0,3.0,Seattle,98116,800000,54
1216.0,2.0,2.0,Seattle,98116,665000,43
1620.0,3.0,3.0,Seattle,98116,1150000,45
1720.0,3.0,3.0,Seattle,98116,1150000,50
1790.0,2.25,3.0,Seattle,98116,949950,35
1121.0,3.0,2.0,Seattle,98116,809000,47
1931.0,3.0,3.0,Seattle,98116,949950,55
2390.0,2.0,3.0,Seattle,98116,1085000,42
813.0,1.0,2.0,Seattle,98116,460000,56
1328.0,2.0,2.0,Seattle,98116,698950,60
2660.0,2.5,3.0,Seattle,98116,316071,45
1512.0,3.0,3.0,Seattle,98116,815000,60
1360.0,2.0,2.0,Seattle,98116,1195000,31
1320.0,2.0,2.0,Seattle,98116,879900,44
1258.0,2.0,2.0,Seattle,98116,740000,42
1129.0,1.0,2.0,Seattle,98116,290400,56
1129.0,1.0,2.0,Seattle,98116,363000,58
1129.0,1.0,2.0,Seattle,98116,446600,42
2672.0,4.0,4.0,Seattle,98116,1400000,49
2230.0,2.0,4.0,Seattle,98116,1350000,38
1130.0,2.0,2.0,Seattle,98116,879000,56
1497.0,2.0,2.0,Seattle,98116,745000,53
3387.0,6.0,6.0,Seattle,98116,1100000,49
1101.0,2.0,3.0,Seattle,98116,850000,43
1424.0,3.0,4.0,Seattle,98116,800000,59
2480.0,1.0,2.0,Seattle,98116,1700000,42
2190.0,3.0,3.0,Seattle,98116,1180000,59
1600.0,1.0,2.0,Seattle,98116,650000,35
1860.0,2.0,3.0,Seattle,98116,1175000,44
1780.0,2.0,3.0,Seattle,98116,850000,49
2370.0,3.0,4.0,Seattle,98116,1265000,57
1083.0,2.0,2.0,Seattle,98116,660000,50
1455.0,2.0,3.0,Seattle,98116,749950,43
1584.0,2.0,2.0,Seattle,98116,1010000,33
1443.0,3.0,3.0,Seattle,98116,746000,52
1003.0,1.0,1.0,Seattle,98116,498000,47
1003.0,1.0,1.0,Seattle,98116,550000,44
2570.0,2.0,5.0,Seattle,98116,1425000,51
1360.0,1.0,3.0,Seattle,98116,805000,32
1967.0,4.0,3.0,Seattle,98116,1000000,58
3360.0,3.0,4.0,Seattle,98116,1817000,32
1490.0,1.0,3.0,Seattle,98116,900000,53
1780.0,2.0,3.0,Seattle,98116,920000,38
2850.0,2.0,3.0,Seattle,98116,975000,41
588.0,1.0,1.0,Seattle,98116,329000,38
760.0,1.0,1.0,Seattle,98116,688000,37
1620.0,2.0,3.0,Seattle,98116,893000,56
1478.0,3.0,3.0,Seattle,98116,1049950,38
479.0,1.0,1.0,Seattle,98116,385000,48
1352.0,2.0,2.0,Seattle,98116,780000,56
833.0,2.0,2.0,Seattle,98116,560000,56
706.0,1.0,1.0,Seattle,98116,541000,56
1060.0,1.0,4.0,Seattle,98116,873000,60
3256.0,2.0,6.0,Seattle,98116,1150000,36
1600.0,3.0,3.0,Seattle,98116,878000,46
2061.0,3.0,4.0,Seattle,98116,1370000,54
903.0,2.0,2.0,Seattle,98116,508000,38
1639.0,2.0,3.0,Seattle,98116,1365000,59
2196.0,4.0,4.0,Seattle,98116,1355000,38
3598.0,4.0,4.0,Seattle,98116,2660000,32
3010.0,3.5,4.0,Seattle,98116,1925000,51
3010.0,4.0,4.0,Seattle,98116,1925000,33
1274.0,2.0,2.0,Seattle,98116,1299000,35
1350.0,2.0,2.0,Seattle,98116,820000,43
1094.0,3.0,2.0,Seattle,98116,720000,46
1156.0,2.0,1.0,Seattle,98116,1300000,41
1628.0,2.0,3.0,Seattle,98116,950000,50
2970.0,2.0,4.0,Seattle,98116,919000,49
1200.0,2.0,2.0,Seattle,98116,760000,52
1590.0,3.0,2.0,Seattle,98116,919000,31
551.0,1.0,1.0,Seattle,98116,325000,41
1760.0,3.0,3.0,Seattle,98116,1200000,58
875.0,3.0,2.0,Seattle,98116,660000,57
2400.0,2.0,3.0,Seattle,98116,1200000,33
1960.0,1.75,3.0,Seattle,98116,1625000,30
3992.0,3.0,2.0,Seattle,98116,2185000,40
2260.0,2.0,4.0,Seattle,98116,1150000,36
886.0,3.0,2.0,Seattle,98116,653000,48
3450.0,5.0,5.0,Seattle,98116,2300000,39
1210.0,1.0,3.0,Seattle,98116,825000,32
1480.0,1.75,4.0,Seattle,98116,693750,51
2360.0,3.0,4.0,Seattle,98116,1390000,37
1590.0,3.0,2.0,Seattle,98116,919000,50
2040.0,2.0,3.0,Seattle,98116,1200000,45
1558.0,2.0,2.0,Seattle,98116,1500000,54
2490.0,3.0,3.0,Seattle,98116,1570000,36
1720.0,2.0,3.0,Seattle,98116,1080500,60
1132.0,2.0,2.0,Seattle,98116,625000,60
2290.0,3.0,4.0,Seattle,98116,1425000,38
1234.0,2.0,2.0,Seattle,98116,685000,47
2140.0,2.0,4.0,Seattle,98116,1265000,40
2240.0,2.0,4.0,Seattle,98116,1200000,30
1160.0,1.0,3.0,Seattle,98116,751500,56
984.0,2.0,2.0,Seattle,98116,483000,52
1200.0,2.0,3.0,Seattle,98116,759750,37
984.0,2.0,1.0,Seattle,98116,483000,32
1113.0,2.0,3.0,Seattle,98116,720000,38
2706.0,3.0,3.0,Seattle,98116,1900000,54
1704.0,4.0,3.0,Seattle,98116,815000,31
995.0,2.0,2.0,Seattle,98116,712000,32
1800.0,2.0,4.0,Seattle,98116,805000,59
862.0,1.0,2.0,Seattle,98116,649950,32
910.0,1.75,2.0,Seattle,98116,712000,46
1720.0,2.0,3.0,Seattle,98116,940000,49
900.0,1.0,1.0,Seattle,98116,669000,44
2000.0,3.0,4.0,Seattle,98116,945000,39
1094.0,3.0,2.0,Seattle,98116,750000,45
1346.0,2.0,2.0,Seattle,98116,895000,56
1487.0,2.0,2.0,Seattle,98116,730000,31
5100.0,5.0,3.0,Seattle,98116,4391550,44
1156.0,1.0,1.0,Seattle,98116,1499000,33
4260.0,4.0,4.0,Seattle,98116,2581500,30
,0.0,,Seattle,98116,700000,51
2735.0,4.0,4.0,Seattle,98116,700000,56
1156.0,2.0,1.0,Seattle,98116,1499000,34
1470.0,3.0,3.0,Seattle,98116,985000,42
1410.0,4.0,3.0,Seattle,98116,832000,40
1300.0,2.0,2.0,Seattle,98116,1150000,57
1822.0,2.0,3.0,Seattle,98116,1120000,50
1880.0,2.0,3.0,Seattle,98116,735000,49
4027.0,,,Seattle,98116,8295950,49
2280.0,1.0,2.0,Seattle,98116,1495000,34
2070.0,2.0,4.0,Seattle,98116,1005000,31
530.0,1.0,1.0,Seattle,98116,328500,57
1530.0,2.0,3.0,Seattle,98116,899950,35
3482.0,2.0,3.0,Seattle,98116,1550000,59
2446.0,2.0,4.0,Seattle,98116,1250000,38
1614.0,2.0,3.0,Seattle,98116,925000,55
2079.0,2.0,3.0,Seattle,98116,775000,55
1083.0,2.0,2.0,Seattle,98116,515000,48
1000.0,1.25,3.0,Seattle,98116,600000,41
1250.0,1.0,3.0,Seattle,98116,699000,43
1619.0,2.0,2.0,Seattle,98116,1249000,49
2170.0,4.0,3.0,Seattle,98116,1375000,31
833.0,2.0,2.0,Seattle,98116,520000,56
1167.0,2.0,1.0,Seattle,98116,1399000,51
2820.0,3.0,4.0,Seattle,98116,1180000,56
2770.0,2.0,3.0,Seattle,98116,1300000,30
2420.0,3.0,3.0,Seattle,98116,1400000,58
2150.0,3.0,4.0,Seattle,98116,1320000,55
995.0,2.0,1.0,Seattle,98116,430000,30
1360.0,3.5,3.0,Seattle,98116,840000,58
1087.0,2.0,2.0,Seattle,98116,709000,60
1740.0,2.0,3.0,Seattle,98116,955000,49
2210.0,2.0,4.0,Seattle,98116,1022500,36
2810.0,2.0,3.0,Seattle,98116,1340000,35
1914.0,2.0,4.0,Seattle,98116,875000,50
1050.0,1.0,2.0,Seattle,98116,850000,44
2600.0,2.0,4.0,Seattle,98116,1581000,42
2080.0,3.0,3.0,Seattle,98116,1450000,43
510.0,1.0,1.0,Seattle,98116,750000,42
1580.0,2.0,3.0,Seattle,98116,925000,39
950.0,4.0,4.0,Seattle,98116,850000,33
1115.0,2.0,2.0,Seattle,98116,785000,48
2390.0,3.0,2.0,Seattle,98116,1700000,55
3050.0,3.0,4.0,Seattle,98116,1665000,58
2390.0,3.0,3.0,Seattle,98116,1700000,48
3540.0,4.0,4.0,Seattle,98116,1750000,49
1680.0,2.0,3.0,Seattle,98116,875000,55
1291.0,2.0,2.0,Seattle,98116,731500,50
1650.0,2.0,3.0,Seattle,98116,925000,53
515.0,1.0,1.0,Seattle,98116,250000,36
1118.0,3.0,2.0,Seattle,98116,635000,49
812.0,1.0,2.0,Seattle,98116,283000,42
1850.0,2.0,3.0,Seattle,98116,1200000,60
2584.0,3.0,3.0,Seattle,98116,2100000,38
997.0,2.0,2.0,Seattle,98116,530000,56
2470.0,3.0,4.0,Seattle,98116,1725000,33
1475.0,1.75,4.0,Seattle,98116,485000,38
1450.0,3.0,3.0,Seattle,98116,895000,59
1067.0,2.0,3.0,Seattle,98116,749672,60
1360.0,3.0,3.0,Seattle,98116,895000,49
1067.0,2.0,2.0,Seattle,98116,515000,31
4060.0,3.0,5.0,Seattle,98116,1500000,40
1060.0,1.0,2.0,Seattle,98116,828000,32
1628.0,2.0,3.0,Seattle,98116,950000,46
1157.0,2.0,1.0,Seattle,98116,1426500,46
948.0,2.0,2.0,Seattle,98116,430000,50
2500.0,4.0,4.0,Seattle,98116,1356000,46
1386.0,3.0,3.0,Seattle,98116,939000,32
559.0,1.0,1.0,Seattle,98116,310000,42
1408.0,2.0,2.0,Seattle,98116,665000,32
1406.0,3.0,3.0,Seattle,98116,759950,30
1364.0,3.0,3.0,Seattle,98116,779000,54
1384.0,3.0,3.0,Seattle,98116,965000,42
1200.0,2.0,2.0,Seattle,98116,775000,32
1300.0,2.25,3.0,Seattle,98116,965000,39
2500.0,3.0,4.0,Seattle,98116,1850000,43
1404.0,3.0,3.0,Seattle,98116,989000,42
1478.0,2.0,3.0,Seattle,98116,989000,30
1106.0,3.0,2.0,Seattle,98116,739000,59
1200.0,2.0,2.0,Seattle,98116,1277500,38
2222.0,4.0,4.0,Seattle,98116,1277500,51
903.0,2.0,2.0,Seattle,98116,500000,34
1093.0,2.0,2.0,Seattle,98116,719000,43
1920.0,1.0,2.0,Seattle,98116,325000,34
520.0,1.0,,Seattle,98116,329000,57
659.0,1.0,2.0,Seattle,98116,487000,34
2070.0,3.0,4.0,Seattle,98116,950000,55
940.0,1.0,2.0,Seattle,98116,767401,36
619.0,1.0,1.0,Seattle,98116,412000,59
1580.0,2.0,1.0,Seattle,98116,945000,33
1328.0,2.0,3.0,Seattle,98116,730000,55
1610.0,3.0,3.0,Seattle,98116,984000,38
1770.0,2.75,3.0,Seattle,98116,984000,46
619.0,1.0,1.0,Seattle,98116,412000,44
1366.0,2.0,2.0,Seattle,98116,865000,46
1969.0,2.0,3.0,Seattle,98116,1290000,34
3291.0,4.0,4.0,Seattle,98116,1372417,43
1974.0,3.0,4.0,Seattle,98116,1357000,46
1974.0,3.0,4.0,Seattle,98116,1299000,40
824.0,1.0,3.0,Seattle,98116,699995,51
1169.0,2.0,1.0,Seattle,98116,1499000,48
590.0,1.0,1.0,Seattle,98116,360000,44
2840.0,3.0,3.0,Seattle,98116,1650000,41
1080.0,3.0,3.0,Seattle,98108,750000,31
1562.0,2.0,3.0,Seattle,98108,575000,48
1860.0,2.0,4.0,Seattle,98108,720000,44
,,,Seattle,98108,325000,57
,,,Seattle,98108,325000,39
7890.0,,,Seattle,98108,1050000,54
680.0,1.0,1.0,Seattle,98108,440000,46
1389.0,3.0,3.0,Seattle,98108,686000,31
1730.0,2.0,3.0,Seattle,98108,410000,56
1120.0,1.0,3.0,Seattle,98108,505000,42
1130.0,1.0,2.0,Seattle,98108,519950,45
1163.0,2.0,2.0,Seattle,98108,519950,59
2640.0,3.0,4.0,Seattle,98108,899950,42
1450.0,2.0,3.0,Seattle,98108,510000,54
2070.0,2.0,4.0,Seattle,98108,735000,30
1900.0,1.0,2.0,Seattle,98108,680000,56
840.0,1.0,1.0,Seattle,98108,550000,30
1920.0,1.5,2.0,Seattle,98108,534990,33
2310.0,3.0,5.0,Seattle,98108,770000,48
860.0,1.0,2.0,Seattle,98108,487500,38
860.0,2.0,3.0,Seattle,98108,487500,55
2120.0,,,Seattle,98108,495000,39
820.0,1.0,2.0,Seattle,98108,599900,58
2060.0,2.0,4.0,Seattle,98108,785000,34
2300.0,3.0,4.0,Seattle,98108,1137500,32
1010.0,1.0,3.0,Seattle,98108,485000,54
1540.0,2.0,3.0,Seattle,98108,815000,35
1710.0,2.0,3.0,Seattle,98108,803000,33
750.0,2.0,1.0,Seattle,98108,395950,35
1900.0,2.0,3.0,Seattle,98108,1010000,34
1440.0,2.0,3.0,Seattle,98108,546500,36
1355.0,3.0,2.0,Seattle,98108,719000,41
2230.0,3.0,7.0,Seattle,98108,1150000,51
2240.0,1.0,2.0,Seattle,98108,550000,55
1539.0,3.0,2.0,Seattle,98116,1050000,56
5470.0,3.0,4.0,Seattle,98116,2400000,58
776.0,1.0,1.0,Seattle,98116,415297,42
1990.0,2.0,2.0,Seattle,98116,1270000,41
1540.0,3.0,3.0,Seattle,98116,900000,45
870.0,1.0,1.0,Seattle,98116,575000,49
1208.0,2.0,3.0,Seattle,98116,720000,45
1540.0,3.0,3.0,Seattle,98116,900000,42
1208.0,2.0,3.0,Seattle,98116,720000,54
2240.0,2.0,3.0,Seattle,98116,1295000,53
2220.0,2.0,4.0,Seattle,98116,1100000,33
1175.0,2.0,2.0,Seattle,98116,706000,30
1750.0,2.0,3.0,Seattle,98116,875000,45
2100.0,4.0,3.0,Seattle,98116,1425000,33
2750.0,2.0,3.0,Seattle,98116,1250000,33
1150.0,2.0,3.0,Seattle,98116,993000,35
1099.0,2.0,3.0,Seattle,98116,800000,56
1087.0,2.0,3.0,Seattle,98116,779950,31
1000.0,2.0,2.0,Seattle,98116,800000,38
2010.0,3.0,4.0,Seattle,98116,935000,48
3590.0,4.0,4.0,Seattle,98116,3598000,39
0.0,,,Seattle,98116,750000,46
1110.0,2.0,3.0,Seattle,98116,699000,33
1200.0,2.0,3.0,Seattle,98116,750000,32
1957.0,3.0,4.0,Seattle,98116,977500,50
2040.0,2.0,3.0,Seattle,98116,1350000,40
1480.0,2.0,3.0,Seattle,98116,865000,35
2294.0,2.0,3.0,Seattle,98116,945000,34
3000.0,4.0,4.0,Seattle,98116,1800000,54
1435.0,2.0,3.0,Seattle,98116,782000,45
1980.0,2.25,3.0,Seattle,98116,1035200,54
0.0,,,Seattle,98116,3200000,59
1060.0,0.0,3.0,Seattle,98116,1020800,57
674.0,1.0,1.0,Seattle,98116,332450,51
2230.0,2.0,4.0,Seattle,98116,1150000,37
870.0,1.0,2.0,Seattle,98116,950000,44
2030.0,3.0,3.0,Seattle,98116,1350000,47
1260.0,1.0,2.0,Seattle,98116,801900,47
803.0,1.0,1.0,Seattle,98116,390000,44
1258.0,2.0,3.0,Seattle,98116,789950,52
1360.0,1.75,3.0,Seattle,98116,789959,40
1140.0,2.0,2.0,Seattle,98116,834990,47
496.0,1.0,1.0,Seattle,98116,264500,31
1680.0,2.0,3.0,Seattle,98116,999950,45
1780.0,2.0,3.0,Seattle,98116,1175000,30
3160.0,3.0,3.0,Seattle,98116,1750000,52
1484.0,2.0,3.0,Seattle,98116,807850,38
1780.0,3.0,3.0,Seattle,98116,987000,45
1094.0,3.0,2.0,Seattle,98116,769999,37
2300.0,3.0,3.0,Seattle,98116,1280000,44
2280.0,2.0,3.0,Seattle,98116,1550000,53
1052.0,2.0,2.0,Seattle,98116,845500,43
1131.0,2.0,2.0,Seattle,98116,620000,30
1230.0,2.0,3.0,Seattle,98116,730000,41
1240.0,2.0,3.0,Seattle,98116,730000,31
1169.0,2.0,1.0,Seattle,98116,1606500,57
1560.0,1.0,2.0,Seattle,98116,705000,31
2930.0,2.0,5.0,Seattle,98116,1605000,58
1709.0,3.0,3.0,Seattle,98116,1099950,55
1455.0,2.0,3.0,Seattle,98116,799000,38
1780.0,2.0,3.0,Seattle,98116,775000,60
2476.0,4.0,4.0,Seattle,98116,910000,59
1366.0,2.0,2.0,Seattle,98116,900000,52
1366.0,1.0,2.0,Seattle,98116,900000,48
1800.0,2.75,4.0,Seattle,98116,1220000,45
1925.0,4.0,4.0,Seattle,98116,1220000,35
1180.0,2.0,2.0,Seattle,98116,685000,45
1600.0,2.0,4.0,Seattle,98116,785000,41
1420.0,2.0,2.0,Seattle,98116,799000,48
2760.0,3.0,5.0,Seattle,98116,1620000,36
1619.0,2.0,2.0,Seattle,98116,1195000,49
1284.0,2.0,2.0,Seattle,98116,742000,56
991.0,2.0,3.0,Seattle,98116,775000,48
1284.0,2.0,2.0,Seattle,98116,742000,55
1970.0,3.0,4.0,Seattle,98116,977500,48
854.0,2.0,2.0,Seattle,98116,690000,37
2407.0,3.0,3.0,Seattle,98116,1605000,36
1140.0,2.0,3.0,Seattle,98116,928000,54
1600.0,2.0,2.0,Seattle,98116,960000,55
1720.0,2.0,3.0,Seattle,98116,960000,51
1775.0,2.0,3.0,Seattle,98116,960000,57
728.0,1.0,2.0,Seattle,98116,440000,47
2660.0,2.0,3.0,Seattle,98116,1025000,38
1255.0,2.0,2.0,Seattle,98116,657906,58
1840.0,2.0,4.0,Seattle,98116,1110000,44
1650.0,1.0,3.0,Seattle,98116,789000,60
1740.0,1.0,2.0,Seattle,98116,790000,54
1330.0,1.0,3.0,Seattle,98116,888888,42
2220.0,2.0,5.0,Seattle,98116,985000,58
1097.0,2.0,2.0,Seattle,98116,725000,55
2030.0,3.0,4.0,Seattle,98116,1225000,48
990.0,2.0,2.0,Seattle,98116,710000,36
1180.0,2.0,2.0,Seattle,98116,700000,41
3450.0,4.0,4.0,Seattle,98116,2200000,46
2070.0,3.0,3.0,Seattle,98116,1370000,53
1662.0,2.0,3.0,Seattle,98116,820000,49
1290.0,1.0,2.0,Seattle,98116,675000,40
2370.0,1.75,2.0,Seattle,98116,730000,41
1840.0,2.0,3.0,Seattle,98116,1050000,38
2820.0,3.0,4.0,Seattle,98116,1550000,42
1050.0,2.0,2.0,Seattle,98116,578000,57
2285.0,3.0,3.0,Seattle,98116,1595000,39
1647.0,3.0,2.0,Seattle,98116,1200000,32
1330.0,3.0,3.0,Seattle,98116,800000,34
2070.0,2.5,3.0,Seattle,98116,860000,35
1330.0,3.0,3.0,Seattle,98116,800000,32
1870.0,3.0,3.0,Seattle,98116,860000,44
1840.0,1.0,3.0,Seattle,98116,1255000,39
1900.0,3.0,3.0,Seattle,98116,950000,41
1900.0,3.0,3.0,Seattle,98116,950000,45
865.0,1.0,1.0,Seattle,98116,475000,50
1402.0,2.0,2.0,Seattle,98116,40000,53
1720.0,2.0,3.0,Seattle,98116,1405000,40
920.0,1.0,2.0,Seattle,98116,600000,56
1258.0,2.0,3.0,Seattle,98116,799950,51
1760.0,2.0,3.0,Seattle,98116,1043000,35
1892.0,4.0,3.0,Seattle,98116,1099950,45
1740.0,3.25,3.0,Seattle,98116,1099950,52
0.0,,,Seattle,98116,550000,33
882.0,2.0,2.0,Seattle,98116,550000,50
984.0,2.0,2.0,Seattle,98116,840000,34
1892.0,4.0,3.0,Seattle,98116,1099950,41
1740.0,3.25,3.0,Seattle,98116,1099950,52
2380.0,2.0,3.0,Seattle,98116,1030500,35
1300.0,1.5,5.0,Seattle,98116,760000,32
3680.0,4.0,4.0,Seattle,98116,2575000,30
1620.0,2.25,2.0,Seattle,98116,902000,40
1620.0,3.0,2.0,Seattle,98116,902000,47
4450.0,,,Seattle,98116,1722000,30
2660.0,3.0,3.0,Seattle,98116,1485000,50
2650.0,4.0,4.0,Seattle,98116,1775000,38
820.0,1.0,2.0,Seattle,98116,625000,54
1756.0,3.0,3.0,Seattle,98116,1080000,56
1098.0,2.0,3.0,Seattle,98116,795000,38
1647.0,3.0,2.0,Seattle,98116,1150000,31
1081.0,2.0,2.0,Seattle,98116,519950,33
1660.0,1.0,2.0,Seattle,98116,930000,46
1140.0,2.0,2.0,Seattle,98116,829900,45
2304.0,4.0,4.0,Seattle,98116,1175000,34
2590.0,3.0,3.0,Seattle,98116,1600000,43
1314.0,2.0,2.0,Seattle,98116,720000,56
1419.0,2.0,3.0,Seattle,98116,835000,32
1900.0,3.0,3.0,Seattle,98116,1145000,37
2020.0,1.0,3.0,Seattle,98116,1010000,38
920.0,2.0,2.0,Seattle,98116,730000,41
3600.0,5.0,6.0,Seattle,98116,2145000,46
1750.0,2.0,3.0,Seattle,98116,1275000,52
1535.0,3.0,3.0,Seattle,98116,880000,35
1578.0,3.0,3.0,Seattle,98116,880000,48
1000.0,1.0,2.0,Seattle,98116,814666,53
1440.0,,,Seattle,98116,900000,46
1120.0,2.0,3.0,Seattle,98116,1205000,50
1960.0,1.0,3.0,Seattle,98116,1350000,35
1522.0,3.0,2.0,Seattle,98116,785000,43
2140.0,3.0,4.0,Seattle,98116,1595000,41
1280.0,1.0,2.0,Seattle,98116,940000,46
440.0,0.75,1.0,Seattle,98116,1100000,36
2070.0,3.0,3.0,Seattle,98116,1370000,38
1200.0,2.0,3.0,Seattle,98116,774950,60
1877.0,4.0,3.0,Seattle,98116,1326000,53
2361.0,3.0,3.0,Seattle,98116,1495000,42
1840.0,2.0,2.0,Seattle,98116,1000000,30
1830.0,2.0,4.0,Seattle,98116,975000,53
1768.0,3.0,3.0,Seattle,98116,1077500,48
1498.0,2.0,2.0,Seattle,98116,900000,42
1660.0,3.0,2.0,Seattle,98116,998500,49
759.0,1.0,1.0,Seattle,98116,450000,43
2460.0,4.0,5.0,Seattle,98116,1610000,55
580.0,1.0,1.0,Seattle,98116,380000,33
1610.0,2.25,3.0,Seattle,98116,995000,31
1850.0,3.0,3.0,Seattle,98116,894900,47
1670.0,4.0,3.0,Seattle,98116,886900,52
1691.0,3.0,3.0,Seattle,98116,995000,52
1077.0,2.0,2.0,Seattle,98116,585000,35
795.0,1.0,2.0,Seattle,98116,675000,48
2447.0,2.0,3.0,Seattle,98116,970000,47
2900.0,3.0,4.0,Seattle,98116,1805000,40
2300.0,1.0,4.0,Seattle,98116,960000,57
4000.0,3.0,4.0,Seattle,98116,550000,34
1082.0,2.0,3.0,Seattle,98116,780000,36
1082.0,2.0,3.0,Seattle,98116,780000,60
999.0,2.0,3.0,Seattle,98116,722000,54
2570.0,2.0,3.0,Seattle,98116,1270000,38
2407.0,4.0,5.0,Seattle,98116,1555000,58
1290.0,2.0,2.0,Seattle,98116,1275000,40
2830.0,3.0,3.0,Seattle,98116,1380000,54
920.0,2.0,2.0,Seattle,98116,510000,39
721.0,1.0,1.0,Seattle,98116,640000,38
1500.0,2.0,3.0,Seattle,98116,800000,53
1480.0,2.0,3.0,Seattle,98116,800000,31
1980.0,2.0,3.0,Seattle,98116,1025000,49
2013.0,4.0,3.0,Seattle,98116,975000,58
2300.0,1.0,4.0,Seattle,98116,965000,49
2460.0,2.0,4.0,Seattle,98116,1000000,60
1840.0,2.0,4.0,Seattle,98116,951000,55
1621.0,2.0,4.0,Seattle,98116,880000,57
0.0,,,Seattle,98116,301000,45
2950.0,3.0,3.0,Seattle,98116,818000,52
2020.0,1.0,4.0,Seattle,98116,1140000,50
1080.0,2.0,2.0,Seattle,98116,800000,49
2020.0,2.0,4.0,Seattle,98116,1140000,30
1670.0,3.0,3.0,Seattle,98116,925000,56
1670.0,4.0,3.0,Seattle,98116,925000,36
1077.0,2.0,3.0,Seattle,98116,733000,32
2220.0,2.0,3.0,Seattle,98116,1325000,34
1169.0,2.0,1.0,Seattle,98116,1299000,44
4328.0,4.0,4.0,Seattle,98116,3110000,46
1565.0,2.0,1.0,Seattle,98116,1429000,52
3060.0,3.0,5.0,Seattle,98116,1550000,31
1400.0,2.0,3.0,Seattle,98116,724000,58
0.0,2.0,2.0,Seattle,98116,1674000,37
886.0,2.0,2.0,Seattle,98116,525000,47
1180.0,2.0,2.0,Seattle,98116,875000,33
1660.0,2.0,2.0,Seattle,98116,878888,33
2460.0,3.0,4.0,Seattle,98116,750000,41
2760.0,4.0,7.0,Seattle,98116,1325000,30
1920.0,3.0,3.0,Seattle,98116,915000,35
1970.0,2.0,2.0,Seattle,98116,1222000,41
750.0,1.0,2.0,Seattle,98116,670000,56
2350.0,3.0,4.0,Seattle,98116,1105000,37
2490.0,2.0,4.0,Seattle,98116,1237000,31
1200.0,2.0,3.0,Seattle,98116,700000,53
1260.0,2.0,3.0,Seattle,98116,700000,54
1760.0,3.0,3.0,Seattle,98116,1075000,43
2600.0,2.0,3.0,Seattle,98116,1920000,31
833.0,2.0,2.0,Seattle,98116,540000,31
1487.0,2.0,2.0,Seattle,98116,715000,30
1395.0,2.0,3.0,Seattle,98116,1295000,57
1016.0,2.0,2.0,Seattle,98116,505000,32
700.0,1.0,2.0,Seattle,98116,650000,53
4580.0,6.0,5.0,Seattle,98116,2400000,31
1352.0,2.0,2.0,Seattle,98116,1649000,48
1354.0,2.0,2.0,Seattle,98116,605000,55
1280.0,2.0,3.0,Seattle,98116,775000,42
2080.0,3.0,3.0,Seattle,98116,1395000,51
3040.0,3.0,4.0,Seattle,98116,1695000,48
1970.0,4.0,3.0,Seattle,98116,975000,51
1970.0,4.0,3.0,Seattle,98116,975000,48
1483.0,3.0,2.0,Seattle,98116,1000000,52
1974.0,3.0,4.0,Seattle,98116,1350000,31
2550.0,3.0,4.0,Seattle,98116,1200000,47
2810.0,3.0,6.0,Seattle,98116,1159713,50
1410.0,1.0,2.0,Seattle,98116,700000,32
2222.0,4.0,4.0,Seattle,98116,1324900,31
2740.0,3.0,2.0,Seattle,98116,2325000,58
1600.0,2.0,3.0,Seattle,98116,981000,53
1640.0,1.0,2.0,Seattle,98116,833000,51
1200.0,2.0,3.0,Seattle,98116,774959,31
1520.0,2.0,3.0,Seattle,98116,925000,47
2390.0,2.0,3.0,Seattle,98116,1500000,54
3880.0,4.0,4.0,Seattle,98116,2480000,55
1660.0,1.0,3.0,Seattle,98116,865000,35
1094.0,2.0,2.0,Seattle,98116,790000,56
1210.0,2.0,3.0,Seattle,98116,875000,60
1540.0,3.0,3.0,Seattle,98116,850000,52
1087.0,3.0,3.0,Seattle,98116,870000,40
1700.0,1.0,3.0,Seattle,98116,625000,52
1621.0,2.0,4.0,Seattle,98116,875000,60
1926.0,3.0,3.0,Seattle,98116,1295000,48
1920.0,3.0,3.0,Seattle,98116,1200000,32
1300.0,2.0,3.0,Seattle,98116,900000,55
1629.0,3.0,3.0,Seattle,98116,1250000,34
1480.0,2.25,3.0,Seattle,98116,1250000,53
1330.0,2.0,2.0,Seattle,98116,1599000,47
3400.0,3.0,3.0,Seattle,98116,1300000,60
855.0,2.0,2.0,Seattle,98116,510000,39
3970.0,5.0,5.0,Seattle,98116,1775000,51
2695.0,4.0,4.0,Seattle,98116,1675000,51
870.0,2.0,2.0,Seattle,98116,442000,58
2200.0,2.0,4.0,Seattle,98116,1350000,56
1350.0,1.0,2.0,Seattle,98116,630000,55
1670.0,3.0,3.0,Seattle,98116,943000,57
2020.0,2.0,4.0,Seattle,98116,1300000,31
1670.0,,,Seattle,98116,943000,48
1768.0,3.0,3.0,Seattle,98116,1049950,46
3540.0,2.0,4.0,Seattle,98116,1575000,32
1330.0,1.0,3.0,Seattle,98116,775000,53
1560.0,3.0,4.0,Seattle,98116,1125000,32
1680.0,3.0,3.0,Seattle,98116,790000,41
1135.0,2.0,2.0,Seattle,98116,685000,58
3420.0,5.0,4.0,Seattle,98116,1805000,32
2890.0,3.0,3.0,Seattle,98116,1725000,38
1691.0,3.0,3.0,Seattle,98116,960000,45
1330.0,2.0,2.0,Seattle,98116,1699000,54
1330.0,2.0,2.0,Seattle,98116,1699000,48
1691.0,3.0,3.0,Seattle,98116,960000,48
2150.0,2.0,2.0,Seattle,98116,1310000,53
3260.0,3.0,4.0,Seattle,98118,1400000,55
3600.0,3.0,4.0,Seattle,98118,2576500,35
1100.0,2.0,2.0,Seattle,98118,375000,47
1120.0,1.0,4.0,Seattle,98118,500000,32
2660.0,2.0,4.0,Seattle,98118,895950,32
2560.0,2.0,5.0,Seattle,98118,805000,41
1350.0,3.0,3.0,Seattle,98118,625000,41
2350.0,3.0,5.0,Seattle,98118,880000,30
1980.0,2.0,3.0,Seattle,98118,742500,35
1054.0,2.0,2.0,Seattle,98118,625000,58
1110.0,3.0,2.0,Seattle,98118,715000,36
1230.0,1.0,1.0,Seattle,98118,825000,40
904.0,1.0,2.0,Seattle,98118,390000,57
1377.0,3.0,2.0,Seattle,98118,739000,40
2740.0,3.0,4.0,Seattle,98118,995000,34
,,,Seattle,98118,50500,44
1446.0,2.0,4.0,Seattle,98118,729000,46
1930.0,3.0,4.0,Seattle,98118,758000,34
800.0,1.0,1.0,Seattle,98118,485000,36
0.0,,,Seattle,98118,2000000,46
939.0,2.0,2.0,Seattle,98118,499950,55
1890.0,2.0,3.0,Seattle,98118,660000,44
2450.0,2.0,3.0,Seattle,98118,1033000,33
1426.0,2.0,3.0,Seattle,98118,737000,37
860.0,1.0,2.0,Seattle,98118,400000,51
1000.0,2.0,2.0,Seattle,98118,525000,58
1184.0,2.0,2.0,Seattle,98118,593000,52
1391.0,3.0,3.0,Seattle,98118,620000,59
930.0,2.0,2.0,Seattle,98118,534950,49
1360.0,2.25,3.0,Seattle,98118,620000,31
1650.0,2.0,3.0,Seattle,98118,1150000,38
1330.0,1.0,3.0,Seattle,98118,898800,37
2054.0,2.0,3.0,Seattle,98118,890000,30
2400.0,3.0,4.0,Seattle,98118,1100000,34
2860.0,3.0,5.0,Seattle,98118,916000,44
1520.0,2.0,3.0,Seattle,98118,962000,46
1460.0,2.0,3.0,Seattle,98118,735000,56
1970.0,3.0,3.0,Seattle,98118,986000,30
1010.0,1.0,3.0,Seattle,98118,940000,41
1980.0,2.0,3.0,Seattle,98118,815000,33
1060.0,2.0,2.0,Seattle,98118,490000,55
1640.0,2.75,3.0,Seattle,98116,1077500,38
1140.0,2.0,2.0,Seattle,98116,829990,53
1094.0,3.0,2.0,Seattle,98116,769990,54
1974.0,3.0,4.0,Seattle,98116,1499990,44
2672.0,4.0,3.0,Seattle,98116,1390000,34
2820.0,3.0,4.0,Seattle,98116,2565000,39
5040.0,4.0,7.0,Seattle,98116,2000000,37
1510.0,2.0,3.0,Seattle,98116,1425000,50
3140.0,3.0,5.0,Seattle,98116,1795000,31
1587.0,2.0,2.0,Seattle,98116,850000,47
2008.0,3.0,4.0,Seattle,98116,1260000,31
0.0,,,Seattle,98116,975000,56
1422.0,2.0,2.0,Seattle,98116,850000,59
1580.0,1.75,3.0,Seattle,98116,850000,46
1580.0,2.0,3.0,Seattle,98116,850000,41
1773.0,2.0,3.0,Seattle,98116,1150000,35
1770.0,4.0,3.0,Seattle,98116,937000,59
1455.0,2.0,3.0,Seattle,98116,799000,42
950.0,2.0,2.0,Seattle,98116,780000,38
1770.0,2.0,3.0,Seattle,98116,1004080,51
1455.0,2.0,3.0,Seattle,98116,865000,33
2070.0,3.0,3.0,Seattle,98116,1350000,36
2210.0,4.0,4.0,Seattle,98116,1198000,31
6780.0,,,Seattle,98116,1900000,46
3200.0,5.0,5.0,Seattle,98116,2850000,49
1410.0,2.0,3.0,Seattle,98116,1003000,34
1193.0,2.0,2.0,Seattle,98116,850000,43
1768.0,3.0,3.0,Seattle,98116,1049950,32
1591.0,1.75,2.0,Seattle,98116,1000000,43
1640.0,2.75,3.0,Seattle,98116,1049950,56
1135.0,2.0,2.0,Seattle,98116,632000,59
6850.0,4.0,5.0,Seattle,98116,2200000,33
2710.0,3.0,4.0,Seattle,98116,1720000,34
1768.0,3.0,3.0,Seattle,98116,1049950,59
870.0,1.0,2.0,Seattle,98116,810000,58
2000.0,3.0,4.0,Seattle,98116,1160000,33
3020.0,3.0,5.0,Seattle,98116,1325000,33
1130.0,3.0,2.0,Seattle,98116,640000,37
811.0,2.0,2.0,Seattle,98116,720000,59
750.0,1.0,1.0,Seattle,98116,450000,47
1176.0,2.0,1.0,Seattle,98116,899000,60
1510.0,1.0,3.0,Seattle,98118,944000,44
2610.0,2.0,4.0,Seattle,98118,850000,41
3190.0,3.0,5.0,Seattle,98118,1200000,53
1850.0,4.0,3.0,Seattle,98118,799000,47
2100.0,2.0,5.0,Seattle,98118,1550000,31
1820.0,2.0,3.0,Seattle,98118,950000,53
2010.0,1.5,4.0,Seattle,98118,800000,48
3140.0,1.75,4.0,Seattle,98118,1250000,48
1235.0,2.0,2.0,Seattle,98118,655000,52
3340.0,4.0,3.0,Seattle,98118,2525000,56
810.0,1.0,2.0,Seattle,98118,565000,42
3760.0,2.0,4.0,Seattle,98118,1275000,49
1020.0,1.0,3.0,Seattle,98118,650000,47
1870.0,3.0,5.0,Seattle,98118,880000,38
3091.0,3.0,3.0,Seattle,98118,1250000,30
2677.0,4.0,3.0,Seattle,98118,1835000,51
1320.0,1.0,3.0,Seattle,98118,550000,35
680.0,1.0,2.0,Seattle,98118,250000,46
1167.0,2.0,2.0,Seattle,98118,550000,58
1160.0,2.0,3.0,Seattle,98118,600000,43
2920.0,1.0,3.0,Seattle,98118,1080000,60
2260.0,3.0,3.0,Seattle,98118,1288187,46
1940.0,3.0,4.0,Seattle,98118,950000,33
2980.0,3.0,3.0,Seattle,98118,1025000,55
2900.0,3.0,4.0,Seattle,98118,895000,35
1511.0,3.0,3.0,Seattle,98118,710000,51
1923.0,4.0,4.0,Seattle,98118,890000,33
850.0,1.0,2.0,Seattle,98118,505001,31
1200.0,2.0,2.0,Seattle,98118,640000,34
940.0,1.0,2.0,Seattle,98118,634800,38
4110.0,5.0,5.0,Seattle,98118,1575000,57
1170.0,1.0,3.0,Seattle,98118,675000,49
1172.0,2.0,3.0,Seattle,98118,715000,41
1710.0,2.75,3.0,Seattle,98118,796500,43
1720.0,3.0,3.0,Seattle,98118,796500,34
710.0,1.0,2.0,Seattle,98118,549000,53
1470.0,,,Seattle,98118,637000,44
2773.0,3.0,4.0,Seattle,98118,1195950,36
2218.0,4.0,4.0,Seattle,98118,1220000,56
2600.0,4.0,5.0,Seattle,98118,1345000,49
1250.0,2.0,3.0,Seattle,98118,599950,33
1710.0,2.75,3.0,Seattle,98118,795000,60
1720.0,3.0,3.0,Seattle,98118,795000,41
1510.0,2.0,3.0,Seattle,98118,1075000,57
570.0,1.0,1.0,Seattle,98118,859068,45
2910.0,3.0,4.0,Seattle,98118,875000,35
1760.0,3.0,4.0,Seattle,98118,670000,35
2440.0,2.0,3.0,Seattle,98118,915000,32
1520.0,2.0,3.0,Seattle,98118,730000,43
920.0,1.0,2.0,Seattle,98118,567500,58
2895.0,3.0,3.0,Seattle,98118,1437500,36
2150.0,3.0,5.0,Seattle,98118,899950,60
1305.0,2.0,3.0,Seattle,98118,968000,38
664.0,1.0,1.0,Seattle,98118,339000,30
720.0,1.0,2.0,Seattle,98118,555000,36
2390.0,2.0,3.0,Seattle,98118,2010000,30
3360.0,6.0,5.0,Seattle,98118,1800000,39
1500.0,4.0,3.0,Seattle,98118,595000,30
2050.0,3.0,3.0,Seattle,98118,899000,45
675.0,1.0,1.0,Seattle,98118,420000,47
1404.0,2.0,3.0,Seattle,98118,699000,58
1020.0,1.0,3.0,Seattle,98118,470000,49
1540.0,2.0,3.0,Seattle,98118,800000,59
1055.0,2.0,2.0,Seattle,98118,595995,38
,,,Seattle,98118,665000,52
1500.0,3.0,3.0,Seattle,98118,598000,38
1050.0,1.0,1.0,Seattle,98118,542000,34
2000.0,4.0,4.0,Seattle,98118,800000,55
1960.0,2.0,2.0,Seattle,98118,655000,31
1822.0,3.0,3.0,Seattle,98118,990000,59
1822.0,3.0,3.0,Seattle,98118,990000,41
1200.0,2.0,3.0,Seattle,98118,520000,42
3486.0,4.0,3.0,Seattle,98118,1240000,39
4130.0,4.0,5.0,Seattle,98118,1540000,57
2540.0,2.75,3.0,Seattle,98118,2100000,30
,,,Seattle,98118,250000,43
,,,Seattle,98118,250000,42
620.0,1.0,2.0,Seattle,98118,618000,30
1399.0,3.0,3.0,Seattle,98118,618000,33
1540.0,1.0,2.0,Seattle,98118,650000,31
1890.0,2.0,3.0,Seattle,98118,761000,50
1470.0,1.0,2.0,Seattle,98118,739000,39
750.0,1.0,2.0,Seattle,98118,730000,45
903.0,1.0,2.0,Seattle,98118,720000,45
780.0,1.0,2.0,Seattle,98118,615000,39
1250.0,1.5,2.0,Seattle,98118,649000,44
1955.0,3.0,3.0,Seattle,98118,920000,59
1170.0,2.0,2.0,Seattle,98118,649000,32
2290.0,2.0,4.0,Seattle,98118,969000,36
1310.0,2.0,4.0,Seattle,98118,630000,32
1208.0,2.0,3.0,Seattle,98118,520000,45
1210.0,1.75,3.0,Seattle,98118,520000,30
2770.0,4.0,6.0,Seattle,98118,930000,31
1030.0,2.0,2.0,Seattle,98118,511000,36
1840.0,2.0,2.0,Seattle,98118,1200000,48
1100.0,2.0,2.0,Seattle,98118,500000,55
2100.0,3.0,4.0,Seattle,98118,1169000,42
1410.0,2.0,3.0,Seattle,98118,1140000,39
0.0,,,Seattle,98118,250000,43
0.0,,,Seattle,98118,250000,34
1500.0,1.0,2.0,Seattle,98118,500000,40
980.0,1.0,3.0,Seattle,98118,570000,53
905.0,1.5,2.0,Seattle,98118,530000,50
901.0,2.0,2.0,Seattle,98118,579950,30
1365.0,3.0,2.0,Seattle,98118,578000,35
1365.0,2.5,2.0,Seattle,98118,578000,42
1312.0,2.0,2.0,Seattle,98118,1010000,41
720.0,1.0,2.0,Seattle,98118,550000,46
3710.0,2.0,3.0,Seattle,98118,1005000,48
920.0,1.0,2.0,Seattle,98118,410000,55
2860.0,1.0,4.0,Seattle,98118,1950000,32
40.0,,,Seattle,98118,125000,50
1429.0,2.0,2.0,Seattle,98118,578000,37
1429.0,2.0,2.0,Seattle,98118,570000,59
0.0,,,Seattle,98118,80000,41
40.0,,0.0,Seattle,98118,125000,52
940.0,1.0,2.0,Seattle,98118,685000,50
2020.0,3.0,4.0,Seattle,98118,1205000,53
1480.0,2.0,3.0,Seattle,98118,850000,57
3220.0,5.0,5.0,Seattle,98118,1145000,53
1250.0,1.0,3.0,Seattle,98118,817125,56
970.0,1.0,2.0,Seattle,98118,573000,44
1170.0,2.0,2.0,Seattle,98118,560000,55
2320.0,3.0,5.0,Seattle,98118,995000,51
2120.0,1.0,1.0,Seattle,98118,1100000,39
2230.0,3.0,4.0,Seattle,98118,764950,40
2200.0,2.0,2.0,Seattle,98118,450000,56
2320.0,3.0,5.0,Seattle,98118,995000,45
1054.0,2.0,2.0,Seattle,98118,639000,49
2176.0,3.0,5.0,Seattle,98118,565000,57
1096.0,3.0,2.0,Seattle,98118,725000,34
1054.0,2.0,2.0,Seattle,98118,639000,56
1907.0,3.0,5.0,Seattle,98118,850000,48
753.0,1.0,2.0,Seattle,98118,385000,51
1618.0,3.0,3.0,Seattle,98118,699900,33
1320.0,2.0,4.0,Seattle,98118,625000,41
1190.0,1.0,2.0,Seattle,98118,790000,49
2040.0,1.0,3.0,Seattle,98118,458000,50
1870.0,1.0,2.0,Seattle,98118,540000,47
5200.0,8.0,12.0,Seattle,98118,1250000,46
1788.0,3.0,3.0,Seattle,98118,829950,50
1600.0,2.0,4.0,Seattle,98118,977000,54
2250.0,3.0,3.0,Seattle,98118,1081000,58
1220.0,2.0,2.0,Seattle,98118,535000,39
2250.0,1.0,4.0,Seattle,98118,650000,58
2000.0,3.0,3.0,Seattle,98118,999000,32
3180.0,3.0,5.0,Seattle,98118,1070000,40
2660.0,2.0,4.0,Seattle,98118,1275000,42
1800.0,2.0,3.0,Seattle,98118,1016500,52
1010.0,1.0,2.0,Seattle,98118,460000,52
2610.0,2.0,3.0,Seattle,98118,825000,54
1790.0,2.0,2.0,Seattle,98118,674000,32
1030.0,2.5,2.0,Seattle,98118,460000,43
1030.0,3.0,2.0,Seattle,98118,460000,35
0.0,,,Seattle,98118,325000,54
2320.0,3.0,5.0,Seattle,98118,745000,57
1530.0,2.0,4.0,Seattle,98118,599950,35
893.0,1.0,2.0,Seattle,98118,425000,45
1080.0,3.0,2.0,Seattle,98118,541000,43
930.0,1.0,2.0,Seattle,98118,486000,35
1070.0,1.0,3.0,Seattle,98118,440000,60
4020.0,4.0,4.0,Seattle,98118,2030000,38
30.0,,,Seattle,98118,85000,48
3410.0,4.0,4.0,Seattle,98118,1400000,35
1100.0,2.0,2.0,Seattle,98118,474950,35
780.0,1.0,2.0,Seattle,98118,525000,49
1064.0,1.0,3.0,Seattle,98118,710000,39
1540.0,2.0,3.0,Seattle,98118,641000,46
1840.0,2.0,3.0,Seattle,98118,375000,37
1850.0,1.0,3.0,Seattle,98118,480000,52
2210.0,4.0,4.0,Seattle,98118,1225000,40
1980.0,2.0,4.0,Seattle,98118,1105000,55
2520.0,2.0,4.0,Seattle,98118,998000,32
2220.0,2.0,3.0,Seattle,98118,1035000,43
2340.0,2.0,3.0,Seattle,98118,703000,30
738.0,1.0,2.0,Seattle,98118,394000,36
2160.0,1.0,3.0,Seattle,98118,1000000,51
2350.0,3.0,4.0,Seattle,98118,1300000,30
1500.0,1.0,2.0,Seattle,98118,678500,48
920.0,1.0,2.0,Seattle,98118,750000,31
2000.0,3.0,4.0,Seattle,98118,710000,60
950.0,1.0,2.0,Seattle,98118,420000,37
990.0,1.0,2.0,Seattle,98118,707500,38
1099.0,2.0,2.0,Seattle,98118,590000,46
,,,Seattle,98118,800000,38
1720.0,2.0,4.0,Seattle,98118,650000,44
2240.0,2.0,3.0,Seattle,98118,580000,55
2080.0,4.0,3.0,Seattle,98118,910000,47
1147.0,2.0,2.0,Seattle,98118,499950,56
1020.0,1.75,2.0,Seattle,98118,499950,39
642.0,1.0,1.0,Seattle,98118,464880,56
1320.0,3.0,3.0,Seattle,98118,663000,43
3040.0,3.0,4.0,Seattle,98118,1377500,33
904.0,1.0,2.0,Seattle,98118,399000,59
1510.0,1.0,3.0,Seattle,98118,775000,39
2470.0,3.0,3.0,Seattle,98118,1200000,43
2070.0,3.0,3.0,Seattle,98118,714000,37
1680.0,2.0,4.0,Seattle,98118,675000,31
2180.0,2.0,5.0,Seattle,98118,750000,60
3520.0,3.0,4.0,Seattle,98118,1190000,51
2589.0,3.0,4.0,Seattle,98118,1410000,51
1540.0,1.0,2.0,Seattle,98118,890000,34
2000.0,3.0,5.0,Seattle,98118,809000,32
1350.0,2.0,3.0,Seattle,98118,555700,51
1860.0,2.0,4.0,Seattle,98118,650000,53
1091.0,3.0,2.0,Seattle,98118,761000,36
2724.0,4.0,4.0,Seattle,98118,1615000,51
1000.0,1.0,3.0,Seattle,98118,490000,37
1898.0,3.0,3.0,Seattle,98118,688500,35
2586.0,3.0,4.0,Seattle,98118,1650000,54
30.0,,,Seattle,98118,99000,53
2180.0,4.0,6.0,Seattle,98118,830000,51
1360.0,1.0,2.0,Seattle,98118,575000,45
1780.0,2.0,4.0,Seattle,98118,800000,34
1620.0,2.0,4.0,Seattle,98118,860000,45
3460.0,6.0,8.0,Seattle,98118,795000,34
1220.0,1.0,1.0,Seattle,98118,555000,30
2470.0,2.0,3.0,Seattle,98118,1050000,49
1225.0,1.5,2.0,Seattle,98118,630000,55
1255.0,2.0,2.0,Seattle,98118,630000,57
2333.0,3.0,4.0,Seattle,98118,790912,49
1896.0,3.0,3.0,Seattle,98118,678000,47
1170.0,2.0,3.0,Seattle,98118,580000,43
2650.0,3.0,6.0,Seattle,98118,1050000,48
1170.0,2.0,3.0,Seattle,98118,580000,58
1500.0,2.25,3.0,Seattle,98118,874950,47
1845.0,3.0,3.0,Seattle,98118,874950,45
1700.0,1.0,3.0,Seattle,98118,650000,48
2480.0,2.0,3.0,Seattle,98118,889500,53
1360.0,2.0,3.0,Seattle,98118,618800,40
4800.0,5.0,5.0,Seattle,98118,2575000,50
1110.0,3.0,4.0,Seattle,98118,760000,55
1101.0,2.0,2.0,Seattle,98118,760000,45
1510.0,2.0,4.0,Seattle,98118,825000,35
1650.0,1.0,2.0,Seattle,98118,555000,41
1294.0,2.5,2.0,Seattle,98118,635000,39
1294.0,3.0,2.0,Seattle,98118,635000,33
1530.0,3.0,3.0,Seattle,98118,562500,56
1980.0,3.0,4.0,Seattle,98118,620000,34
1960.0,3.0,3.0,Seattle,98118,700000,45
1950.0,2.0,3.0,Seattle,98118,899990,34
870.0,1.0,3.0,Seattle,98118,500000,52
2020.0,2.0,4.0,Seattle,98118,550000,41
1960.0,2.0,4.0,Seattle,98118,750000,43
1800.0,3.0,3.0,Seattle,98118,875000,50
2160.0,2.0,6.0,Seattle,98118,701000,30
1644.0,3.0,3.0,Seattle,98118,780000,42
3750.0,5.0,4.0,Seattle,98118,1945000,47
3280.0,2.25,5.0,Seattle,98118,605000,45
2430.0,3.0,4.0,Seattle,98118,1305000,53
749.0,2.0,1.0,Seattle,98118,385000,37
2205.0,4.0,4.0,Seattle,98118,1249000,48
2082.0,4.0,3.0,Seattle,98118,1349950,58
1078.0,3.0,3.0,Seattle,98118,729000,43
1078.0,,,Seattle,98118,729000,54
2200.0,2.25,3.0,Seattle,98118,1245000,54
1510.0,2.0,3.0,Seattle,98118,835000,30
2200.0,3.0,3.0,Seattle,98118,1245000,57
3636.0,5.0,6.0,Seattle,98118,1200000,58
1670.0,1.0,1.0,Seattle,98118,750000,34
992.0,2.0,3.0,Seattle,98118,605000,31
1080.0,1.75,3.0,Seattle,98118,605000,59
1870.0,3.0,4.0,Seattle,98118,803000,55
1260.0,2.0,3.0,Seattle,98118,760000,32
1389.0,2.0,2.0,Seattle,98118,985000,51
1590.0,3.0,5.0,Seattle,98118,650000,36
2120.0,2.0,4.0,Seattle,98118,867000,30
950.0,1.0,3.0,Seattle,98118,640000,37
1000.0,1.0,1.0,Seattle,98118,310000,56
1260.0,2.0,2.0,Seattle,98118,490000,33
2496.0,2.0,5.0,Seattle,98118,550000,30
2128.0,4.0,4.0,Seattle,98118,1299950,35
2180.0,3.25,4.0,Seattle,98118,1299950,53
1357.0,2.0,2.0,Seattle,98118,675000,36
1179.0,3.0,2.0,Seattle,98118,730000,44
0.0,5.0,11.0,Seattle,98118,1489990,58
2060.0,2.0,4.0,Seattle,98118,713000,40
1433.0,3.0,2.0,Seattle,98118,799900,37
2510.0,3.0,6.0,Seattle,98118,600000,37
1040.0,2.0,2.0,Seattle,98118,305000,55
2110.0,2.0,3.0,Seattle,98118,1100000,49
3960.0,4.0,5.0,Seattle,98118,1980000,38
907.0,1.0,2.0,Seattle,98118,502000,42
2681.0,4.0,4.0,Seattle,98118,1100000,31
2900.0,3.0,4.0,Seattle,98118,870000,30
1840.0,2.0,3.0,Seattle,98118,1000000,30
3982.0,4.0,4.0,Seattle,98118,1250000,35
1882.0,3.0,4.0,Seattle,98118,840000,35
2130.0,3.0,4.0,Seattle,98118,1225000,58
722.0,1.0,1.0,Seattle,98118,300000,50
30.0,,,Seattle,98118,83000,35
1420.0,3.0,2.0,Seattle,98118,891000,38
4180.0,4.0,5.0,Seattle,98118,2025000,59
2200.0,2.0,4.0,Seattle,98118,657500,45
1344.0,2.0,3.0,Seattle,98118,699000,44
2008.0,2.0,4.0,Seattle,98118,1025000,39
1750.0,2.0,3.0,Seattle,98118,1090000,49
1966.0,2.0,3.0,Seattle,98118,1258000,55
1380.0,1.0,4.0,Seattle,98118,465000,33
2120.0,2.0,3.0,Seattle,98118,1059000,59
1680.0,1.0,2.0,Seattle,98118,715000,36
1277.0,3.0,3.0,Seattle,98118,684995,47
1785.0,3.0,3.0,Seattle,98118,750000,58
999.0,2.0,2.0,Seattle,98118,825000,58
1310.0,2.0,4.0,Seattle,98118,632000,56
2600.0,2.0,5.0,Seattle,98118,1272000,40
1980.0,2.0,2.0,Seattle,98118,950000,37
1237.0,2.0,3.0,Seattle,98118,689000,58
833.0,2.0,2.0,Seattle,98118,505000,54
2535.0,3.0,4.0,Seattle,98118,1625000,45
1820.0,2.0,3.0,Seattle,98118,891000,43
1740.0,3.0,3.0,Seattle,98118,883000,57
640.0,0.0,2.0,Seattle,98118,555000,57
2540.0,3.0,3.0,Seattle,98118,925000,43
2920.0,3.0,4.0,Seattle,98118,1200000,58
1413.0,3.0,3.0,Seattle,98118,789000,38
1140.0,2.0,3.0,Seattle,98118,670000,56
2700.0,3.0,5.0,Seattle,98118,1170000,42
800.0,1.0,2.0,Seattle,98118,403000,32
2060.0,3.0,5.0,Seattle,98118,850000,58
1780.0,3.0,4.0,Seattle,98118,646000,54
939.0,2.0,2.0,Seattle,98118,569950,38
1400.0,2.0,2.0,Seattle,98118,556000,57
2400.0,2.0,3.0,Seattle,98118,1008800,45
1630.0,2.0,3.0,Seattle,98118,844000,47
3500.0,2.0,3.0,Seattle,98118,1075000,58
1940.0,2.0,3.0,Seattle,98118,870000,46
1940.0,2.0,3.0,Seattle,98118,870000,56
1928.0,3.0,4.0,Seattle,98118,825000,41
1920.0,2.0,3.0,Seattle,98118,1100000,46
3016.0,3.0,5.0,Seattle,98118,1450000,37
690.0,1.0,1.0,Seattle,98118,392500,32
1960.0,2.0,3.0,Seattle,98118,775000,53
2360.0,2.0,6.0,Seattle,98118,650000,33
1803.0,5.0,4.0,Seattle,98118,800000,45
1760.0,1.0,2.0,Seattle,98118,747500,31
800.0,1.0,3.0,Seattle,98118,517000,43
2600.0,2.0,5.0,Seattle,98118,1375000,53
1730.0,2.0,3.0,Seattle,98118,1000000,45
1410.0,2.0,3.0,Seattle,98118,725000,43
2720.0,3.0,4.0,Seattle,98118,892000,30
2800.0,3.0,3.0,Seattle,98118,839900,49
1720.0,2.0,3.0,Seattle,98118,736000,44
990.0,1.0,2.0,Seattle,98118,530000,48
2600.0,2.0,4.0,Seattle,98118,1175000,34
1480.0,1.0,2.0,Seattle,98118,499950,58
950.0,1.0,3.0,Seattle,98118,575000,58
530.0,1.0,1.0,Seattle,98118,315400,45
880.0,1.0,3.0,Seattle,98118,580000,35
520.0,1.0,1.0,Seattle,98118,129333,56
924.0,1.0,2.0,Seattle,98118,649950,34
1480.0,1.5,4.0,Seattle,98118,470000,42
40.0,,,Seattle,98118,50000,45
1762.0,3.0,3.0,Seattle,98118,890000,58
700.0,1.0,2.0,Seattle,98118,500000,38
1310.0,1.5,4.0,Seattle,98118,490000,43
1510.0,2.0,3.0,Seattle,98118,950000,55
1610.0,3.0,4.0,Seattle,98118,880000,44
1780.0,2.0,2.0,Seattle,98118,1150000,54
4062.0,,,Seattle,98118,925000,41
1320.0,1.0,3.0,Seattle,98118,636000,45
1110.0,3.0,2.0,Seattle,98118,748000,31
1330.0,3.0,3.0,Seattle,98118,720000,48
1680.0,3.0,3.0,Seattle,98118,989000,32
1850.0,3.0,4.0,Seattle,98118,1325000,56
1250.0,1.0,2.0,Seattle,98118,737000,53
3350.0,3.0,4.0,Seattle,98118,2200000,60
1236.0,2.0,2.0,Seattle,98118,649900,52
1650.0,3.0,3.0,Seattle,98118,750000,33
916.0,2.0,2.0,Seattle,98118,569950,51
1160.0,2.0,2.0,Seattle,98118,560000,58
1330.0,2.0,3.0,Seattle,98118,645000,41
1600.0,1.0,2.0,Seattle,98118,745000,48
2760.0,5.0,4.0,Seattle,98118,1350000,43
1820.0,2.0,3.0,Seattle,98118,551000,49
1320.0,3.0,3.0,Seattle,98118,625000,46
1350.0,2.5,3.0,Seattle,98118,169275,40
2760.0,3.0,6.0,Seattle,98118,700000,54
2130.0,2.0,4.0,Seattle,98118,760000,50
1290.0,1.0,3.0,Seattle,98118,670000,55
1370.0,2.75,3.0,Seattle,98118,525000,39
35.0,,,Seattle,98118,135000,53
657.0,1.0,1.0,Seattle,98118,340000,55
1141.0,2.0,2.0,Seattle,98118,819950,32
1370.0,3.0,3.0,Seattle,98118,525000,47
1370.0,3.0,3.0,Seattle,98118,540000,33
3550.0,4.0,6.0,Seattle,98118,1675000,31
955.0,2.0,2.0,Seattle,98118,576150,31
4810.0,2.0,5.0,Seattle,98118,1500830,60
1931.0,2.0,6.0,Seattle,98118,677000,41
,,,Seattle,98118,150000,49
2080.0,2.0,4.0,Seattle,98118,1123000,59
1816.0,3.0,3.0,Seattle,98118,885000,30
1134.0,2.0,3.0,Seattle,98118,606500,33
1600.0,1.0,3.0,Seattle,98118,580000,43
1800.0,3.0,3.0,Seattle,98118,299000,51
,,,Seattle,98118,606500,31
2100.0,2.0,3.0,Seattle,98118,1150000,49
2080.0,3.0,3.0,Seattle,98118,860000,60
2333.0,4.0,4.0,Seattle,98118,1540000,52
,,,Seattle,98118,500,54
2660.0,1.0,3.0,Seattle,98118,675000,56
1940.0,2.0,5.0,Seattle,98118,725000,45
2180.0,2.0,4.0,Seattle,98118,957500,57
1560.0,2.0,3.0,Seattle,98118,650000,37
2080.0,2.0,4.0,Seattle,98118,1653850,46
4282.0,4.0,4.0,Seattle,98118,2405000,42
1174.0,3.0,2.0,Seattle,98118,759000,56
1864.0,3.0,2.0,Seattle,98118,1000000,58
1850.0,2.0,3.0,Seattle,98118,954000,42
5003.0,4.0,4.0,Seattle,98118,2700000,41
1560.0,2.0,3.0,Seattle,98118,760000,50
2760.0,1.0,5.0,Seattle,98118,650000,33
30.0,,,Seattle,98118,120000,34
880.0,1.0,2.0,Seattle,98118,365000,53
1660.0,3.0,3.0,Seattle,98118,1250000,48
1810.0,1.0,2.0,Seattle,98118,835000,57
2850.0,4.0,3.0,Seattle,98118,2200000,43
2512.0,2.0,3.0,Seattle,98118,1215000,57
2960.0,2.0,3.0,Seattle,98118,1565000,49
550.0,1.0,1.0,Seattle,98118,545000,52
3231.0,4.0,4.0,Seattle,98118,1160000,49
1820.0,3.0,3.0,Seattle,98118,865000,45
1356.0,3.0,3.0,Seattle,98118,730000,60
2020.0,2.0,5.0,Seattle,98118,705000,54
5280.0,4.0,5.0,Seattle,98118,5150000,33
3100.0,2.5,4.0,Seattle,98118,1075000,30
1630.0,3.5,3.0,Seattle,98118,682500,48
3100.0,3.0,4.0,Seattle,98118,1075000,40
1630.0,4.0,3.0,Seattle,98118,682500,36
1180.0,2.0,3.0,Seattle,98118,735000,60
1960.0,2.0,4.0,Seattle,98118,820000,35
1920.0,1.0,3.0,Seattle,98118,675000,59
1349.0,2.0,2.0,Seattle,98118,659900,45
1860.0,3.0,4.0,Seattle,98118,959000,47
2494.0,3.0,5.0,Seattle,98118,895000,35
2240.0,3.0,4.0,Seattle,98118,1227277,43
853.0,1.0,2.0,Seattle,98118,599000,37
1340.0,1.0,3.0,Seattle,98118,851700,49
3167.0,3.0,4.0,Seattle,98118,1749000,55
2100.0,1.0,2.0,Seattle,98118,430000,51
1460.0,2.0,3.0,Seattle,98118,965000,52
1200.0,1.0,3.0,Seattle,98118,485000,33
3420.0,2.5,4.0,Seattle,98118,1500000,58
40.0,,,Seattle,98118,175000,44
1550.0,3.0,4.0,Seattle,98118,590000,52
1580.0,2.5,4.0,Seattle,98118,599950,46
1100.0,2.0,3.0,Seattle,98118,615000,55
30.0,,,Seattle,98118,85000,41
1320.0,1.0,2.0,Seattle,98118,671200,42
1078.0,2.0,2.0,Seattle,98118,590000,34
3850.0,4.0,5.0,Seattle,98118,1475000,58
1490.0,2.0,4.0,Seattle,98118,545000,48
2968.0,4.0,3.0,Seattle,98118,1785000,30
2730.0,2.0,1.0,Seattle,98118,1241000,59
2240.0,3.0,3.0,Seattle,98118,1585000,31
2120.0,4.0,4.0,Seattle,98118,1100000,48
660.0,0.75,,Seattle,98118,400000,47
1850.0,1.0,3.0,Seattle,98118,905000,52
903.0,1.0,2.0,Seattle,98118,550000,60
1290.0,3.0,2.0,Seattle,98118,700000,54
2340.0,4.0,4.0,Seattle,98118,1015000,36
1080.0,2.0,2.0,Seattle,98118,690000,48
1620.0,2.0,2.0,Seattle,98118,640000,32
1350.0,2.0,3.0,Seattle,98118,575000,32
1970.0,3.0,3.0,Seattle,98118,815000,52
722.0,1.0,1.0,Seattle,98118,345000,53
1210.0,1.5,4.0,Seattle,98118,173000,48
3000.0,3.0,3.0,Seattle,98118,1092750,40
710.0,1.0,2.0,Seattle,98118,525000,34
3740.0,4.0,5.0,Seattle,98118,2220000,49
3100.0,3.5,5.0,Seattle,98118,1010000,48
3223.0,4.0,5.0,Seattle,98118,1010000,51
3170.0,1.75,3.0,Seattle,98118,1250000,31
1288.0,2.0,2.0,Seattle,98118,430000,57
4280.0,2.75,2.0,Seattle,98118,1180000,40
1340.0,1.0,2.0,Seattle,98118,580000,44
3107.0,3.0,3.0,Seattle,98118,910000,31
2384.0,2.0,2.0,Seattle,98118,700000,51
1780.0,2.0,3.0,Seattle,98118,785950,59
1840.0,2.0,3.0,Seattle,98118,1059501,30
1690.0,3.0,3.0,Seattle,98118,925000,36
3058.0,4.0,5.0,Seattle,98118,1498000,30
2318.0,2.0,3.0,Seattle,98118,1275000,54
1740.0,3.0,3.0,Seattle,98118,620000,40
3200.0,3.0,6.0,Seattle,98118,1438000,45
980.0,1.0,2.0,Seattle,98118,665750,31
1900.0,1.0,3.0,Seattle,98118,725000,44
1320.0,3.0,3.0,Seattle,98118,750000,36
3035.0,3.0,5.0,Seattle,98118,1300000,37
1522.0,3.0,3.0,Seattle,98118,724000,42
1940.0,2.0,5.0,Seattle,98118,565000,48
1550.0,4.0,3.0,Seattle,98118,595000,47
2900.0,2.0,5.0,Seattle,98118,669900,50
1180.0,2.0,3.0,Seattle,98118,860000,57
2752.0,3.0,4.0,Seattle,98118,650000,47
708.0,1.0,1.0,Seattle,98118,375000,40
1020.0,2.0,2.0,Seattle,98118,700000,42
1950.0,2.0,4.0,Seattle,98118,730000,46
2640.0,2.0,3.0,Seattle,98118,819950,41
2580.0,,,Seattle,98118,780000,33
1130.0,1.0,2.0,Seattle,98118,525000,43
890.0,1.0,2.0,Seattle,98118,722500,43
1190.0,1.0,3.0,Seattle,98118,765000,47
2400.0,3.0,3.0,Seattle,98118,1245000,32
2220.0,2.0,4.0,Seattle,98118,1100000,33
1809.0,2.5,3.0,Seattle,98118,684000,60
1809.0,3.0,3.0,Seattle,98118,684000,34
840.0,1.0,2.0,Seattle,98118,705000,56
2820.0,3.5,4.0,Seattle,98118,969000,42
810.0,1.0,2.0,Seattle,98118,515000,57
1050.0,1.0,3.0,Seattle,98118,500000,44
2675.0,4.0,4.0,Seattle,98118,1395000,59
3190.0,4.0,6.0,Seattle,98118,800000,44
2040.0,3.0,5.0,Seattle,98118,824000,41
2840.0,3.0,4.0,Seattle,98118,1695000,37
1800.0,2.0,3.0,Seattle,98118,825000,34
2040.0,3.0,5.0,Seattle,98118,685000,34
1140.0,2.0,2.0,Seattle,98118,487000,32
1490.0,1.75,3.0,Seattle,98118,747500,40
650.0,1.0,2.0,Seattle,98118,780000,44
1124.0,2.0,2.0,Seattle,98118,630000,45
1610.0,2.0,4.0,Seattle,98118,775000,36
1955.0,3.0,3.0,Seattle,98118,937500,34
1730.0,2.0,2.0,Seattle,98118,989000,51
960.0,2.0,4.0,Seattle,98118,560000,33
1200.0,1.0,3.0,Seattle,98118,1150000,57
1394.0,2.0,2.0,Seattle,98118,719900,56
1070.0,1.0,2.0,Seattle,98118,730000,45
1000.0,2.0,3.0,Seattle,98118,600000,31
1285.0,2.0,2.0,Seattle,98118,738840,44
1210.0,1.75,2.0,Seattle,98118,738840,52
1440.0,1.0,4.0,Seattle,98118,770000,40
1770.0,1.75,3.0,Seattle,98118,959000,55
1320.0,2.0,3.0,Seattle,98118,640000,30
1378.0,3.0,3.0,Seattle,98118,575000,51
1858.0,2.0,4.0,Seattle,98118,959000,46
0.0,,,Seattle,98118,65000,42
680.0,1.0,2.0,Seattle,98118,631600,43
1100.0,1.0,3.0,Seattle,98118,600000,32
1134.0,2.5,2.0,Seattle,98118,499000,42
1134.0,3.0,2.0,Seattle,98118,499000,49
1990.0,2.0,4.0,Seattle,98118,825000,51
2840.0,2.0,4.0,Seattle,98118,1412000,42
810.0,1.0,2.0,Seattle,98118,515000,41
1040.0,1.0,1.0,Seattle,98118,365000,46
0.0,,,Seattle,98118,300000,55
2140.0,3.0,4.0,Seattle,98118,745000,53
1580.0,3.0,4.0,Seattle,98118,613000,52
1490.0,2.0,3.0,Seattle,98118,950000,31
1850.0,2.0,3.0,Seattle,98118,744000,54
1923.0,,,Seattle,98118,1275000,42
1880.0,4.0,3.0,Seattle,98118,1130000,31
1569.0,3.0,3.0,Seattle,98118,735000,52
1920.0,3.0,4.0,Seattle,98118,910000,51
2720.0,3.0,4.0,Seattle,98118,1260000,34
3160.0,2.0,4.0,Seattle,98118,1725000,44
1600.0,2.0,3.0,Seattle,98118,1085000,58
2320.0,2.0,5.0,Seattle,98118,750000,60
1630.0,1.75,3.0,Seattle,98118,250000,51
2640.0,4.0,4.0,Seattle,98118,1175000,45
700.0,1.0,2.0,Seattle,98118,395000,58
3560.0,4.0,4.0,Seattle,98118,1936000,53
1862.0,2.0,3.0,Seattle,98118,920000,57
2220.0,2.0,4.0,Seattle,98118,1200000,40
1552.0,1.0,2.0,Seattle,98118,775000,30
1990.0,3.0,4.0,Seattle,98118,1057000,38
2300.0,3.0,4.0,Seattle,98118,880000,42
2480.0,3.0,6.0,Seattle,98118,710000,57
2630.0,2.0,3.0,Seattle,98118,1300000,47
30.0,,,Seattle,98118,80000,54
1147.0,2.0,2.0,Seattle,98118,569950,37
1940.0,2.0,5.0,Seattle,98118,555000,52
2108.0,3.0,4.0,Seattle,98118,650000,45
1270.0,1.0,4.0,Seattle,98118,600000,59
2400.0,3.0,3.0,Seattle,98118,735000,42
2600.0,3.0,4.0,Seattle,98118,1075000,38
1490.0,1.5,2.0,Seattle,98118,760000,37
1840.0,3.0,3.0,Seattle,98118,899950,43
1850.0,4.0,3.0,Seattle,98118,899950,38
1720.0,2.0,2.0,Seattle,98118,760000,48
1340.0,2.0,3.0,Seattle,98118,680000,38
1955.0,3.0,3.0,Seattle,98118,1085000,59
1870.0,2.0,4.0,Seattle,98118,975000,53
772.0,1.0,2.0,Seattle,98118,360000,44
1389.0,2.0,2.0,Seattle,98118,761149,39
3820.0,4.0,5.0,Seattle,98118,1275000,48
1140.0,1.0,3.0,Seattle,98118,720000,58
1822.0,3.0,3.0,Seattle,98118,1000000,32
1174.0,2.0,2.0,Seattle,98118,634900,30
2018.0,2.0,4.0,Seattle,98118,1039000,52
1822.0,3.0,3.0,Seattle,98118,999950,45
1386.0,2.0,2.0,Seattle,98118,769950,57
3850.0,3.0,5.0,Seattle,98118,1360000,51
950.0,1.0,3.0,Seattle,98118,651888,48
1000.0,1.0,3.0,Seattle,98118,540000,57
2060.0,2.0,3.0,Seattle,98118,770000,39
2400.0,2.0,3.0,Seattle,98118,765000,49
1870.0,3.0,3.0,Seattle,98118,725000,55
1170.0,2.0,3.0,Seattle,98118,625000,51
4550.0,5.0,6.0,Seattle,98118,2335000,30
1014.0,2.0,2.0,Seattle,98118,565000,39
1170.0,2.0,3.0,Seattle,98118,625000,48
3309.0,4.0,4.0,Seattle,98118,2675000,30
3282.0,4.0,4.0,Seattle,98118,2399000,59
1386.0,2.0,2.0,Seattle,98118,789000,60
1890.0,3.0,3.0,Seattle,98118,670000,38
1451.0,3.0,2.0,Seattle,98118,799900,48
1900.0,1.0,2.0,Seattle,98118,556000,51
1290.0,2.25,2.0,Seattle,98118,1110000,34
2057.0,4.0,3.0,Seattle,98118,1110000,59
1477.0,3.0,3.0,Seattle,98118,799950,59
1500.0,3.0,3.0,Seattle,98118,870000,31
2450.0,3.0,4.0,Seattle,98118,1180000,60
2260.0,3.0,4.0,Seattle,98118,784777,39
1960.0,3.0,3.0,Seattle,98118,1250000,53
1320.0,3.0,3.0,Seattle,98118,660000,58
3304.0,5.0,7.0,Seattle,98118,1489000,37
2280.0,2.0,3.0,Seattle,98118,1238000,57
1940.0,3.0,5.0,Seattle,98118,720000,49
0.0,,,Seattle,98118,2250000,58
1083.0,2.0,2.0,Seattle,98118,599950,49
2190.0,2.0,3.0,Seattle,98118,985000,31
2460.0,2.0,4.0,Seattle,98118,570000,49
1350.0,1.0,2.0,Seattle,98118,825000,56
5620.0,5.0,5.0,Seattle,98118,2535000,38
1810.0,3.0,3.0,Seattle,98118,799000,48
1535.0,3.0,3.0,Seattle,98118,899000,46
1410.0,1.0,2.0,Seattle,98118,515000,46
3060.0,2.0,3.0,Seattle,98118,2000000,40
1810.0,1.0,3.0,Seattle,98118,900000,42
2320.0,2.0,4.0,Seattle,98118,700000,42
1750.0,2.0,4.0,Seattle,98118,877000,32
1570.0,3.0,3.0,Seattle,98118,630000,44
980.0,1.0,2.0,Seattle,98118,730000,51
805.0,1.0,2.0,Seattle,98118,385000,49
4140.0,3.0,5.0,Seattle,98118,1675000,46
1850.0,3.0,3.0,Seattle,98118,930000,37
2460.0,3.0,5.0,Seattle,98118,1115000,42
1281.0,2.0,2.0,Seattle,98118,595000,42
40.0,,,Seattle,98118,165000,31
2140.0,0.0,0.0,Seattle,98118,1080000,39
640.0,,,Seattle,98118,165000,54
2140.0,3.0,3.0,Seattle,98118,1080000,39
1340.0,1.0,3.0,Seattle,98118,735000,34
1930.0,2.0,4.0,Seattle,98118,1222000,41
2946.0,2.0,5.0,Seattle,98118,1075000,59
4420.0,7.0,5.0,Seattle,98118,2520000,38
1680.0,2.0,3.0,Seattle,98118,1475000,56
1060.0,3.0,2.0,Seattle,98118,620000,60
1040.0,2.0,2.0,Seattle,98118,315000,41
3730.0,3.0,3.0,Seattle,98118,1725000,36
2696.0,4.0,4.0,Seattle,98118,1500000,48
0.0,,,Seattle,98118,895000,34
1870.0,2.0,3.0,Seattle,98118,660000,57
1670.0,3.0,4.0,Seattle,98118,804225,41
900.0,1.0,2.0,Seattle,98115,785000,39
1760.0,4.0,4.0,Seattle,98115,868000,48
1420.0,3.0,3.0,Seattle,98115,690000,47
1186.0,2.0,2.0,Seattle,98115,415000,44
1580.0,3.0,4.0,Seattle,98118,599950,41
2821.0,3.0,4.0,Seattle,98118,1225000,60
1580.0,3.0,4.0,Seattle,98118,613000,57
2260.0,3.0,4.0,Seattle,98118,825000,60
3080.0,2.0,3.0,Seattle,98118,1050008,32
330.0,,,Seattle,98118,135000,52
2500.0,3.0,4.0,Seattle,98118,1012500,35
1134.0,3.0,2.0,Seattle,98118,501025,31
2160.0,3.0,6.0,Seattle,98118,900000,39
1340.0,2.0,3.0,Seattle,98118,659000,41
1340.0,3.0,3.0,Seattle,98118,659000,35
1660.0,2.0,3.0,Seattle,98118,991000,55
880.0,1.0,2.0,Seattle,98118,560000,45
3500.0,3.0,5.0,Seattle,98118,4400000,35
1137.0,2.0,2.0,Seattle,98118,598900,43
2880.0,3.0,3.0,Seattle,98118,1650000,44
1074.0,2.0,2.0,Seattle,98118,559950,33
1257.0,2.0,2.0,Seattle,98118,575000,45
1822.0,3.0,3.0,Seattle,98118,988000,32
960.0,1.75,2.0,Seattle,98118,601000,45
1040.0,2.0,2.0,Seattle,98118,601000,40
720.0,1.0,2.0,Seattle,98118,710000,33
630.0,1.0,2.0,Seattle,98118,555000,38
1300.0,2.0,3.0,Seattle,98118,675000,37
1790.0,3.0,5.0,Seattle,98118,1050000,32